chr	pos	lod
Chrom2-31983247	2	52.1643777609904	3.3276744867338
Chrom2-32085957	2	52.4400242801231	3.32857871418875
Chrom2-32348968	2	52.8542497245098	3.32994217304511
Chrom2-32399374	2	52.8542498245098	3.32994210399494
