chr	interval	marker	pos	lod
chr2	lod_1.5	Chrom2-34805081	55.9416857271949	4.33453639193152
chr2	lod_1.5	Chrom2-133030668	79.4171780716228	5.8599952871715
chr2	lod_1.5	Chrom2-135155193	84.6585610835185	4.33838247725021
chr2	lod_2	Chrom2-23161770	42.4326536454264	3.48528842294837
chr2	lod_2	Chrom2-133030668	79.4171780716228	5.8599952871715
chr2	lod_2	Chrom2-136589033	86.3288446045896	3.84502129229162
chr2	bayes	Chrom2-27175557	45.0973745747932	3.91032295117031
chr2	bayes	Chrom2-133030668	79.4171780716228	5.8599952871715
chr2	bayes	Chrom2-136375809	86.1131841748897	3.86170355856046
