chr	pos	lod
Chrom6-112263166	6	67.8597283775999	4.01515550415593
Chrom6-112313681	6	67.8597284776	4.01515552692581
c6.loc68	6	68	3.99210191088832
Chrom6-112379717	6	68.0974584164873	3.97517040125564
