chr	interval	marker	pos	lod
chr6	lod_1.5	Chrom6-4287717	7.9856346024176	41.811293052957
chr6	lod_1.5	Chrom6-4397163	8.57162938617707	45.000973733288
chr6	lod_1.5	Chrom6-4605791	9.16173149323558	40.4835497639622
chr6	lod_2	Chrom6-4287717	7.9856346024176	41.811293052957
chr6	lod_2	Chrom6-4397163	8.57162938617707	45.000973733288
chr6	lod_2	Chrom6-4605791	9.16173149323558	40.4835497639622
chr6	bayes	Chrom6-4343022	8.31263333136983	44.3678115549136
chr6	bayes	Chrom6-4397163	8.57162938617707	45.000973733288
chr6	bayes	Chrom6-4448805	8.57162948617707	45.0009737013968
