chr	interval	marker	pos	lod
chr3	lod_1.5	Chrom3-5959921	9.70566507038784	3.06201871597494
chr3	lod_1.5	Chrom3-14345953	29.6112555610807	4.95859174972287
chr3	lod_1.5	Chrom3-15872064	32.1642254129795	3.21248209661184
chr3	lod_2	Chrom3-4331238	6.94209516389196	2.95691010797555
chr3	lod_2	Chrom3-14345953	29.6112555610807	4.95859174972287
chr3	lod_2	Chrom3-16662981	34.4569399124122	2.8807114966479
chr3	bayes	Chrom3-5959921	9.70566507038784	3.06201871597494
chr3	bayes	Chrom3-14345953	29.6112555610807	4.95859174972287
chr3	bayes	Chrom3-15872064	32.1642254129795	3.21248209661184
