chr	interval	marker	pos	lod
chr4	lod_1.5	Chrom4-6378012	14.8110516505403	6.23569648544471
chr4	lod_1.5	Chrom4-11057547	25.4017789689852	8.09566321512757
chr4	lod_1.5	Chrom4-13065911	28.6493296703628	6.16987511254617
chr4	lod_2	Chrom4-5932985	14.1021429112526	5.81402729653717
chr4	lod_2	Chrom4-11057547	25.4017789689852	8.09566321512757
chr4	lod_2	Chrom4-13378985	30.8486772224266	5.27164026659966
chr4	bayes	Chrom4-6483257	15.5092106341939	6.60652481936118
chr4	bayes	Chrom4-11057547	25.4017789689852	8.09566321512757
chr4	bayes	Chrom4-13065911	28.6493296703628	6.16987511254617
