chr	interval	marker	pos	lod
chr8	lod_1.5	Chrom8-2159897	3.56816191215158	4.2241346438779
chr8	lod_1.5	Chrom8-6293093	16.3072098413285	6.2578052244134
chr8	lod_1.5	Chrom8-12746211	33.404859513084	4.13002341988792
chr8	lod_2	Chrom8-2159897	3.56816191215158	4.2241346438779
chr8	lod_2	Chrom8-6293093	16.3072098413285	6.2578052244134
chr8	lod_2	Chrom8-12746211	33.404859513084	4.13002341988792
chr8	bayes	Chrom8-2213088	4.42262194311178	4.99645761498888
chr8	bayes	Chrom8-6293093	16.3072098413285	6.2578052244134
chr8	bayes	Chrom8-12522729	32.4952084427474	4.92047105960552
