chr	interval	marker	pos	lod
chr4	lod_1.5	Chrom4-3147791	5.59116610836568	5.82810963245618
chr4	lod_1.5	Chrom4-6092143	14.4469581316961	7.58774191146159
chr4	lod_1.5	Chrom4-11397134	26.4802465150859	5.91290038966008
chr4	lod_2	Chrom4-2233943	3.42045794336328	5.27891118387731
chr4	lod_2	Chrom4-6092143	14.4469581316961	7.58774191146159
chr4	lod_2	Chrom4-11550134	26.8609918957446	5.47857554434813
chr4	bayes	Chrom4-3203204	5.75428622195748	6.20914243100827
chr4	bayes	Chrom4-6092143	14.4469581316961	7.58774191146159
chr4	bayes	Chrom4-11211587	26.1016319259547	6.28639688103993
