chr	pos	lod
Chrom6-109030093	6	57.466176335472	3.75766086807363
Chrom6-109132409	6	57.466176435472	3.75766086622036
Chrom6-112263166	6	67.8597283775999	4.01515550415593
Chrom6-112313681	6	67.8597284776	4.01515552692581
c6.loc68	6	68	3.99210191088832
Chrom6-112379717	6	68.0974584164873	3.97517040125564
