id,PC1_bract,PC2_bract,PC3_bract,PC1_petal,PC2_petal,PC3_petal,PC1_labellum,PC2_labellum,PC3_labellum,S1U_bract,S1V_bract,S1B_bract,S1G_bract,S1R_bract,S5_bract,S9_bract,H4_bract,B3_petal,S1U_petal,S1V_petal,S1B_petal,S1Y_petal,S1R_petal,S5_petal,S9_petal,H4_petal,B3_labellum,S1B_labellum,S1Y_labellum,S1R_labellum,S5_labellum,S6_labellum,S9_labellum,H3_labellum,H4_labellum,H1_UV_petal,H1_UV_labellum,h.theta.bird.bract,r.vec.bird.bract,h.theta.bee.bract,r.vec.bee.bract,h.theta.bird.petal,r.vec.bird.petal,h.theta.bee.petal,r.vec.bee.petal,h.theta.bird.labellum,r.vec.bird.labellum,h.theta.bee.labellum,r.vec.bee.labellum
62_73,-0.631765273918346,0.11949884884643,0.312016450709291,-1.44927828370059,-0.470975050957353,1.75814929491742,-1.90796613555222,-1.55093492836531,1.55834949373082,0.0208798783757576,0.0303512608547979,0.123065115050422,0.453862018647181,0.410210353208871,102.320519195595,0.829593772488913,0.911758016111536,1,0.0847230945295336,0.0945686988582019,0.0984334952988851,0.328429064938736,0.403402959893281,94.1377257346474,0.862746648475092,0.768134938877193,1,0.166694123515213,0.287139419083787,0.359732706984285,81.8226040013858,0.864783330296836,0.709387017422392,502,0.867195013780185,371,381,0.599235126522162,0.324702486064526,-0.680924048296155,0.549090803636573,0.621951510224077,0.288626560816731,-0.500765148138091,0.392878757188663,0.654373121949703,0.215992291435898,-0.644405136693103,0.291431100183577
62_77,1.02493405360851,3.79500638365338,-0.565374796362437,-7.4522157688342,-0.502192017611516,0.71538515530998,-6.13096310504972,2.46167499882128,0.582169913695783,0.0313382805630242,0.044770388704087,0.180075515666663,0.410399492589125,0.386257837175662,95.2447411185581,0.695822459486047,0.985222866173189,1,0.125136071822079,0.146342505236503,0.177508459771637,0.277530326219998,0.333412895302831,69.4000475756316,0.628982698074002,0.905594637014451,1,0.198253427784465,0.256880498888699,0.318728540228881,62.2175180569964,0.715979577824585,0.560722438338282,506,0.890335092471427,380,380,0.606377327453894,0.274161204017108,-0.78175503019819,0.454705576602228,0.749960745875491,0.1960151956482,-0.628542254360603,0.242793274742284,0.725269862258052,0.157236097941391,-0.632442594378973,0.184588716319067
62_309,-0.104053098288343,-3.88477547812297,0.606212389195696,-0.71679381556805,-2.21814022625324,0.396892961440196,2.43594548478722,1.18917265155107,1.22997733836075,0.0100846378976886,0.0140180814921437,0.0565635206356181,0.525301867078532,0.415804029799855,99.0725490555704,0.941009246661827,0.894889205732569,1,0.105993925202674,0.116986594808738,0.0995773047295563,0.32328423563793,0.402118945312319,93.6072803431072,0.846350575385004,0.703996719744,1,0.1131433579795,0.309695674640479,0.39163005522484,91.7250276952137,0.860398616822039,0.833151954393084,509,0.726485183074976,364,369,0.633645483068892,0.383780941164996,-0.581309982981159,0.683950248534,0.567550696701062,0.272122132757056,-0.4403515383737,0.331386106329145,0.582452658855219,0.255739958505856,-0.458821821775963,0.31760569455639
62_307,-4.55319355621792,-0.808346122544304,-1.2835145749761,-0.203546339508263,-1.01709775574482,0.573062607550282,4.72566523518172,0.389126107287105,0.66908854325234,0.0226835733630141,0.0311199376050587,0.0892702041551949,0.422396084188013,0.473116961820937,114.050885788888,0.878600369574434,0.743776617215087,1,0.0952531131183011,0.105605034118279,0.0947794452826321,0.328457543608522,0.410978126217109,96.9739046787489,0.866149451929944,0.71256919113774,1,0.0960291589174157,0.324837656019869,0.413733575274152,98.9368088733097,0.886168253829052,0.868316629794644,511,0.709189924033977,368,367,0.432787828219736,0.34397593317915,-0.642875798216422,0.559629992658475,0.562640999245675,0.281862990858395,-0.467000241951077,0.360577275718681,0.549887519239106,0.282019052346307,-0.462912434390067,0.363035631505379
62_304,1.24152753359305,2.83033235066546,0.584042852358728,-6.37947187288948,2.70685872256858,1.2167330301238,-3.85342308735638,-4.00041532488863,0.597454378748256,0.016928598271282,0.0262856010480758,0.159840102535727,0.444412827815387,0.387043909999833,96.7955848556056,0.746180426693616,0.999094912066701,1,0.0891688261781892,0.110421840148664,0.178139007884393,0.290184295846645,0.349674028824071,76.5425849622578,0.661503290311405,0.959940115008599,1,0.20441629870508,0.274720403784747,0.350663075525044,77.506783297965,0.886415163767974,0.59562078883774,495,0.974284798727148,389,400,0.654025393338411,0.30366863212004,-0.732099766175274,0.531940863691768,0.754826669918869,0.223392082703981,-0.73278616777664,0.316514510815917,0.68042958960417,0.20006473906779,-0.808322507369652,0.289233134224317
62_303,1.78762242012837,7.85285362170218,-0.191166943601307,2.75104289197931,-0.476897731507609,0.821644545428186,4.81582179351173,0.123972057784085,0.677665880760255,0.0168665339825888,0.0325772660266736,0.227621427179297,0.389346918424892,0.374365178133975,95.6360773232318,0.547601952675511,1.09344721819533,1,0.0645041909066271,0.0701924805475347,0.0590040031951034,0.361595490635201,0.449357977796324,107.890305182274,0.931095473905456,0.699053352447331,1,0.0954989865804967,0.326830553332264,0.414298077358736,99.594452209193,0.889930597657603,0.871024230500992,511,0.71331650190299,364,368,0.644998563690719,0.257718268198115,-0.905360821853422,0.454419978342472,0.534996026644518,0.335275056476022,-0.470043055612948,0.476543217409626,0.549926268975882,0.283300466948664,-0.469025495974413,0.368996516083625
62_60,5.36737472723328,1.557111104865,0.4478748894286,-8.08872292870052,4.88535639113622,0.0529054204769088,-1.47093183588937,-5.5651134015907,2.01624529906666,0.0277013209699632,0.0389914670239744,0.162141797056984,0.486358124452466,0.332417163701411,84.601505674865,0.759082193052793,1.12417870265221,1,0.101575729357737,0.126902776984619,0.217986602882728,0.265967006668528,0.330244128169677,72.2238912662585,0.564783455206748,1.03548444009326,1,0.189238914354447,0.294665331471965,0.370653302876117,87.9448420573807,0.926432652712721,0.664124493563786,494,0.973584234037371,388,400,0.86489360826059,0.306177173826228,-0.700944297575464,0.521909410987825,0.754850906332058,0.17908714953974,-0.83312135096152,0.26812974238195,0.666049238717951,0.240836326016978,-0.774084054304524,0.37690860933172
62_306,-3.56308604481955,-1.5747246514483,0.509378333422966,5.78536297291187,1.45185621283395,-1.17441286391224,4.43449594228363,-0.293202354411161,0.355714571503431,0.011051984652854,0.0163307288902149,0.0792264582468589,0.461018300892755,0.45631350586348,112.494917017351,0.896503252782891,0.808763305898376,1,0.0367283950146283,0.0416614324402729,0.0474635871986192,0.383433557697789,0.489416579218252,117.859905922183,0.94408856899096,0.673586724834115,1,0.1016692666678,0.323410078420555,0.414486058509876,98.2454537933197,0.87427924567609,0.858520790926172,512,0.720959414085852,372,371,0.504744950887796,0.362686313151466,-0.622743538830761,0.632143017329728,0.446115448892973,0.364082653315181,-0.528925412323318,0.566077872708508,0.548954257600386,0.280250248849786,-0.498272046991555,0.366074927498863
125,-6.35919106353211,-2.71718937834099,-3.83518860290236,5.68700404239314,-0.399275270955639,-1.39921305930538,9.3894730404776,-1.01091785376226,-0.538799306802072,0.0169432948500958,0.0209889631851208,0.0435447492570156,0.412448410670153,0.533885703068693,114.925320474333,0.944145216326632,0.620755625430071,1,0.0559225028471138,0.0600876136033344,0.0443724121460506,0.379519670495217,0.480534756950505,116.942997731269,0.949276137008985,0.645292728144357,1,0.0592397748965328,0.359599484511797,0.456682772331942,113.226657941565,0.943394855879768,0.935818497974298,515,0.676138195738252,361,364,0.294840448708365,0.388778569832157,-0.569068466023728,0.633452673802153,0.437162187570915,0.354912981965874,-0.462133878878376,0.509101115515397,0.490806770875067,0.333582780833681,-0.459251717995352,0.469640917701209
62_144,-1.33909811114841,5.40754349918808,0.84095464241717,-5.4722144550067,1.08405182397743,-0.776411137286187,-3.58650966107838,-2.81449617176039,0.479244226602825,0.013059395178877,0.0246809500150634,0.191562227610296,0.405038928354941,0.398461484463645,105.58792190632,0.662338152609536,0.996827995550924,1,0.123711061220699,0.146015652744772,0.173993071216783,0.283260186516457,0.348766927873326,76.4077078763563,0.647205526222326,0.841362738242076,1,0.200503167901235,0.276196185284505,0.344284950994577,76.4913936823246,0.835905836471986,0.580241066659068,500,0.954086326344014,381,400,0.531700158283015,0.281854042571009,-0.824848705621611,0.495647107385695,0.62574341961988,0.193094839897748,-0.655371622980908,0.235522159099632,0.666074846002903,0.192938067650315,-0.77433700387281,0.26286787762013
62_152,-3.32964621181751,2.02734734568403,0.327357629064577,1.68217942637103,-0.7701755084575,1.0132413509314,2.04816023270599,0.586972459712635,-0.14613589480816,0.0132259299595328,0.0224905067509228,0.136309037163504,0.421864962405287,0.436467534685338,111.859146007146,0.789243143398713,0.866004369670465,1,0.0803779271541654,0.0875699129488072,0.0737354203462347,0.34590726849841,0.430688044677577,105.657074916339,0.909666564108394,0.703143270635045,1,0.136871606515904,0.298495515346546,0.380086046388324,89.5753266066941,0.78481805909394,0.764287799913223,509,0.732648868238067,366,375,0.485550054263298,0.318012630893011,-0.727990706587177,0.544818009441466,0.539291067347267,0.311795851944181,-0.453482509276655,0.422009980396195,0.546488785236047,0.229034638954057,-0.511982101929708,0.271283542764742
62_143,-0.453627232942027,-0.00791379883375151,0.169897750273048,-4.37947257714625,0.179269822957684,0.573354512945562,-2.52266686712379,1.47886304744524,1.2502661539203,0.0244282911876691,0.0315621450423462,0.119425081624896,0.456865994452314,0.407415554878661,101.214297356015,0.85694931010107,0.909184977473702,1,0.103401760210477,0.121226645951276,0.145291688421141,0.30524471174331,0.366143180736325,80.4781253039806,0.728550110397937,0.837431939765141,1,0.157435305528479,0.284981289251871,0.351246545144069,75.2155007712661,0.811230878875923,0.699969341913322,509,0.824178945321217,380,376,0.60899703489637,0.325825048420188,-0.646877378090947,0.552241473354213,0.66357665776723,0.236439306308187,-0.60266403233918,0.300619672117422,0.677729926245379,0.208649123134327,-0.565286503535193,0.251940502109047
62_59,2.60987421488602,1.58423383674696,0.0669223641589461,-7.28038967073652,1.6519622872228,-0.34255751864499,-4.82691893074493,-2.52318211639778,0.0948355990088103,0.0350983245418562,0.0469909974363277,0.1601426277115,0.448859441016512,0.364204586135382,91.2414756661328,0.755717480420035,1.02497094301304,1,0.120762331946632,0.144628401647414,0.195700464019332,0.2721527519771,0.333535551789174,70.987554233577,0.579991476170318,0.933623938607906,1,0.207636914961141,0.268038226886946,0.335569124642148,72.6988669626627,0.840390496225506,0.562241156358855,494,0.961473949652431,385,386,0.7141309815162,0.291876814308366,-0.710791322959831,0.480467964536296,0.702463174391157,0.181033406226566,-0.727205361606158,0.233641549000412,0.676052435614973,0.17567964568258,-0.783570868208491,0.24013167680002
62_22,-4.66282453211174,-1.47401690237438,0.225874433523688,2.76180041877904,-1.60827680085176,0.834276813267257,3.9990030735309,0.470061805120367,1.14769892843358,0.0154577717659243,0.0219501781918397,0.0780468180762791,0.446752178719154,0.467384171438714,117.010741993097,0.903132058347481,0.773865243369448,1,0.0746779501340392,0.0796152674533832,0.0525291343372234,0.360352150947255,0.448136251175839,107.654419470225,0.940798941829717,0.67534365334142,1,0.097475464027995,0.3233494618882,0.407844997507964,97.3489923665598,0.889752685117561,0.868986681023804,510,0.719628326200867,361,367,0.47309565276796,0.360086629673666,-0.620211388942589,0.613294325599242,0.529470414215409,0.333952417117676,-0.423319503813955,0.456401693638614,0.567843316525858,0.277958017834438,-0.460186685314319,0.358991021765989
62_16,-1.62558287067678,-0.15900820618556,0.987676492550588,3.81684835920514,-0.489005865918077,0.624753311464757,3.69066317386304,-1.07701178733034,0.910007242219576,0.0108441104214459,0.0187341892362023,0.10868521489005,0.464549099267818,0.42404845670518,107.140982977096,0.858621273654095,0.892797729837514,1,0.0644748671711335,0.069321533483025,0.053048863215521,0.365784027679021,0.45703384461395,112.370310537285,0.941687351816343,0.680247198831064,1,0.11197993129058,0.319467179012596,0.406417969798928,97.6288292308779,0.871563449396395,0.84005392073103,509,0.74946396633859,364,374,0.570491982451057,0.343188718702525,-0.667067947730382,0.603865953930188,0.504197651597593,0.34054542926449,-0.455041697845069,0.483894058981147,0.561753266665363,0.272321273264197,-0.527173965777174,0.363823810221661
62_140,-2.33078353216767,-0.550766516910847,-0.496692722437694,-0.333699061141373,-3.63326007388731,-0.219259170286363,2.12630268088953,3.27117870248928,-0.164954685326096,0.0447167961157791,0.05636095452592,0.117704952599764,0.422136694631196,0.423297510082121,106.602026975791,0.824537890362988,0.818653960145653,1,0.122012441557674,0.133796860930477,0.101331779874609,0.319237990974044,0.39703348347174,94.1142917014134,0.823851494902128,0.66297893050863,1,0.123928726368244,0.29722782058853,0.376565406707049,87.4688636611823,0.809448697491871,0.787423729186032,510,0.673338168083091,359,367,0.497856379654477,0.307747896697335,-0.650231097367712,0.465196884600837,0.529766055023055,0.259760215795358,-0.381611020389564,0.290956705284545,0.54828217035779,0.225671219337985,-0.390325283193797,0.247903112552292
62_261,-4.12381676300595,0.997820294005748,-0.440165499480588,0.657530449233627,-0.522760456164273,1.08205194552531,4.44577164299177,-1.26143248008866,1.04867454651821,0.0145281954999166,0.0213107369556098,0.106461640496888,0.425127908942668,0.461645496701663,115.089387707148,0.85830259598628,0.794672210887369,1,0.07554674226817,0.0841707820891657,0.0743433747881705,0.347786086515554,0.428476270293853,100.298928650164,0.90417456908215,0.722620976599351,1,0.10385403355416,0.328447463539827,0.41565263020021,99.5838769084435,0.873534008128852,0.853326005525058,511,0.75366985678944,369,374,0.480195954205939,0.338129549101593,-0.662582753537835,0.579996582188224,0.574144611888822,0.313743124172648,-0.4836387974401,0.428786340910496,0.562680768007516,0.289691817698759,-0.534396976535534,0.39734303065715
62_135,-4.68919964171273,-2.38890700344972,-0.475040728398834,3.33189733043287,0.0122970246368601,0.668621039798715,5.7594275819095,0.501928442321385,1.05380689694439,0.0194309732385946,0.0247986782556042,0.06632435214001,0.447478183021748,0.474246482010044,114.697020161234,0.919340741952167,0.746949551857148,1,0.060647490456677,0.0661346345274366,0.0572108343982736,0.363800904492208,0.45573475313142,110.712449068059,0.935806363937551,0.69336153147147,1,0.0790776539988575,0.336512024289662,0.42540741431377,102.231122680289,0.921542536662763,0.904198635204614,511,0.701332749929976,366,365,0.445040331510168,0.366016588302063,-0.591803255903683,0.61176189890324,0.51538079138995,0.339004200202989,-0.477956559277958,0.489340030115935,0.551606402497888,0.302783538514004,-0.441351061881069,0.403040117215276
62_137,3.68019645530704,-1.07907276965478,-0.255910085075871,0.586081962432685,0.0186442343838499,1.52966636433717,-1.86190284323525,0.377626027095209,2.12662425856528,0.0490613932269388,0.0589069618251953,0.12513626663322,0.480447610436909,0.353529818639418,86.4188687845043,0.832549552255558,1.00162006340695,1,0.0625253600469885,0.0697480921956438,0.0702195180153453,0.354122737594157,0.433709307785941,100.941598981058,0.913597521732507,0.744548312033164,1,0.154208394115715,0.289053215298256,0.358192279868004,79.889228149276,0.832027983044079,0.734178200204021,505,0.836363532872231,371,376,0.75995600122831,0.31115901712639,-0.614398347851321,0.48584822278729,0.588819773014579,0.327377531828909,-0.506139581784321,0.475690426353945,0.669468618915715,0.220692922531437,-0.568552910472452,0.284590969272909
62_125,1.46632287321351,-0.129861119436153,0.0735257124657465,-4.89836424363099,1.90443523381178,0.787328778838133,-2.25925630449905,-1.6478768280857,0.963850595512333,0.0332913968369267,0.0435466901066644,0.136973853755505,0.462116377991257,0.375869165290334,93.8595469731995,0.820099880277178,0.980180091798027,1,0.0960278378186337,0.115416592598775,0.157054223383433,0.296700034900986,0.365421326582084,80.9566104477757,0.719529835031187,0.869084394044728,1,0.172297190238641,0.282622039779229,0.359962807513303,80.0518410202221,0.865520526744455,0.692467162301389,503,0.867720790493508,383,382,0.666670182172801,0.309003269233473,-0.672711285810084,0.506775458758337,0.67444239688186,0.230719762106484,-0.662408260751232,0.310521857743356,0.64828000415949,0.21029067619137,-0.669870549183995,0.28114145147468
62_134,6.22317877707121,4.19120156961579,-2.20454468965772,-9.82376307595129,1.06624132773556,-0.00463175009049141,-0.0983082878418192,-1.27738704400168,1.39979646331253,0.0707415607174704,0.0899875411108465,0.218889337803258,0.396641009013448,0.32205781049799,76.3674592253673,0.618755043532393,1.14475937864404,1,0.133632321324393,0.159486550240258,0.213154888837384,0.257677917408612,0.311182481266665,61.6045793395036,0.5126117951221,1.01129702727748,1,0.139363875655953,0.312855974248815,0.380099447247781,85.6246532544733,0.906781462621859,0.756767961336904,510,0.850146186781529,382,382,0.870158771013961,0.222473684385429,-0.799475382573372,0.34433782425539,0.81677584112919,0.158768650548903,-0.748515824692629,0.207005438879627,0.655668850059651,0.25583709738227,-0.629854962504529,0.349642553931387
62_83,-2.81365434068298,-1.50455497590322,-0.0630238573655333,-3.94074313257456,1.12656528998005,0.67115827846795,1.23901367369739,-1.05596812377972,1.07681759754645,0.0164255939297716,0.0235747978182503,0.088963967708607,0.45703331307207,0.445487293252358,108.257419194976,0.894920586779371,0.82323379525254,1,0.104913265306812,0.121221677425784,0.150015302533978,0.295928774214832,0.369712425280072,85.0305977858539,0.750733184922402,0.821142011759643,1,0.142507858490103,0.300346531812842,0.382379842953845,90.0883520136889,0.842233564891546,0.773379179571927,506,0.793847447697904,376,375,0.501484741971913,0.351369060298488,-0.634624874138832,0.60216996287273,0.627653000454,0.227116342387855,-0.58880660182621,0.29953272164483,0.585397357700592,0.238923130837652,-0.566992466675946,0.315561864006743
62_313,3.14141857471023,2.80796791503181,-0.375865087051192,-2.61770081814262,1.11208535079127,1.03402074603743,1.56472694811008,-0.921762152172591,-4.79275662776463,0.0343588637888852,0.0478290854740558,0.171634982911831,0.436432187674315,0.365923242439985,89.6734989531661,0.724999071811963,1.03153032807973,1,0.0812674448381729,0.0963052343750809,0.119263562381894,0.327127759563758,0.390418282138118,88.1208679615421,0.798695320818442,0.818946121267592,1,0.147551492248135,0.285960832951157,0.409788902839583,86.6283364910272,0.863728323559419,0.762273332605964,512,0.668219698846902,380,379,0.726231529529844,0.283833684325114,-0.73969775845121,0.470414765511227,0.644707078279751,0.272899417201959,-0.600149187344777,0.372077822008409,0.401537830647845,0.221198325908016,-0.631568241978412,0.259363146470414
62_296,10.5674328385956,1.3073375752747,-5.51814470869436,-6.89763561871413,1.16052718278366,0.682133434715552,0.0776026884093102,-4.72973239997059,2.11594138494495,0.149703740755001,0.174426304118237,0.222494133788191,0.364067400280631,0.271582643281386,53.61880089143,0.551579908007015,1.17854771819393,1,0.121544817320832,0.141886985027917,0.177531147330968,0.276439031268147,0.340303414175928,73.635335238231,0.677630801729108,0.888573925724468,1,0.16614653132683,0.303370070308814,0.385351520401815,91.3838108873524,0.929908642108395,0.728553291878409,500,0.914311242649593,378,400,1.03452071238252,0.159492085305862,-0.668973389889382,0.194242203167171,0.705016354245553,0.192584634786602,-0.633570480460377,0.253276169935014,0.640759728555149,0.256668644511077,-0.714004097168303,0.396502826370083
126,-6.31208519868475,-2.37549439871858,-4.7153958040754,6.41378303044148,0.122623002635089,-3.56299459902349,10.8602395742546,1.45711506902305,-2.71992044906565,0.012391784186072,0.0164876218891648,0.0440025707819602,0.40407007254294,0.546396402410463,112.751940938368,0.943817809284714,0.604313767826437,1,0.0378742678342749,0.0412849582244277,0.0327921033353092,0.400332673252261,0.508663812676021,118.157105901102,0.961297757233521,0.627585065171485,1,0.0478569307905013,0.362116468188801,0.464402969624737,113.534349905445,0.948249043988005,0.94410640710694,518,0.60547257925236,363,357,0.246128921893941,0.394673977435479,-0.583703031346641,0.648762260252804,0.370251446318286,0.378859897931104,-0.493184469548328,0.577415713964713,0.432362024792521,0.332472818093697,-0.370739722001057,0.423260160603323
62_87,5.8429913775878,1.75614567283206,-1.73144223886444,-0.998400338571453,-1.64310122486011,1.29485050203569,-1.53889727315139,0.871127873700655,2.29619320139529,0.0771415487830305,0.0939563667494434,0.182724792186601,0.421769441842008,0.326674853805179,77.4218834713143,0.688313805289495,1.0703048397201,1,0.0938265449081936,0.102892671960239,0.0863638638562323,0.334276389046078,0.407860603492656,93.6849134533604,0.880953050992638,0.727063957652055,1,0.145715088480897,0.29196660573402,0.36186205777676,80.2327958630297,0.832153190814162,0.757112670016931,507,0.820586560376846,367,375,0.813072424838503,0.244664984961985,-0.69496127109391,0.358478549145453,0.601346607731785,0.291028086763568,-0.449355697749149,0.378302247603421,0.674562904362384,0.227630245580565,-0.541772250277399,0.291399648441417
62_370,0.369063796344754,4.70670603303628,-1.39450781502252,-2.84172578238035,-0.747745871051052,1.51316411371575,-1.95850112147466,-1.51885253457377,1.32837665667776,0.0316640878922,0.0482636532567226,0.185885785144966,0.391028416330091,0.399431506015794,97.2676076078807,0.677519700635321,0.95046601068521,1,0.0979075384351051,0.110965019271476,0.111290372441193,0.316965732499941,0.388478340665168,87.9269260778523,0.840377600795097,0.774816602236434,1,0.167439996525905,0.28564230704255,0.362648725697607,81.183311511174,0.866910694315427,0.710880503195989,503,0.863203050512056,375,382,0.559961815962325,0.266124953725267,-0.829934193033843,0.437624596630808,0.640046452462902,0.268873150382614,-0.50663647169488,0.350026157330399,0.649303118956159,0.216870488734632,-0.650914260104214,0.292695200582794
62_305,-2.15405137419226,3.65598914403814,0.265860869486744,-3.52625567336579,1.09832918869022,0.861825404268074,-2.51169430756508,-1.40126006584924,0.452192367354361,0.00966154935095743,0.0185824079330029,0.155498029216911,0.417021923036436,0.425731558887821,108.111024127413,0.754746239944396,0.910339704255867,1,0.0918336562730201,0.108382958331927,0.134043065520363,0.313344465496698,0.378981072227081,85.0426971358621,0.763147699463167,0.827473654527778,1,0.176021338202054,0.283642906242541,0.354939843320817,78.1892221631445,0.856639952927427,0.661654235791446,505,0.877135680012957,379,383,0.528131388628684,0.307914217600233,-0.754819394401122,0.542394794245889,0.651036064663056,0.252314682774976,-0.609020463384306,0.335396251554532,0.650739268569159,0.204795074520943,-0.685308535442793,0.268614280323261
62_327,0.826492733824361,3.46600322022776,-1.00469071803686,-5.49295688562706,1.80903752539751,0.927610036688869,2.69597453845868,-4.98962007840218,2.69612516906775,0.0436457935209084,0.0566684661033792,0.179326702124211,0.401686050097676,0.383447977268919,94.5973963415267,0.731064276674376,0.9638262408309,1,0.0981239078895369,0.117308487113056,0.172615776491833,0.288727902610254,0.355038887889567,79.7455303577824,0.68273700938572,0.907343982188041,1,0.133595525033181,0.325699258326483,0.411597580516315,100.295360611089,0.959509174020527,0.826169847111543,503,0.869867345633155,385,399,0.602922014631694,0.26469705970061,-0.748024455935717,0.426809560581944,0.688996882087512,0.219616870730739,-0.673719050425531,0.300099509395851,0.612651241584825,0.297322155779766,-0.658546299183505,0.484970084245964
62_21,-0.314063638888476,0.906878430720604,-0.929105569553915,1.92940223116448,-0.591861820100261,1.16885313817829,6.15001184284812,0.133174546287806,0.949309945960429,0.0496596531412743,0.0621876257167487,0.138168068333517,0.41602176100991,0.404048915820128,99.3325229798832,0.773019644442497,0.866875214306364,1,0.0658484050588601,0.0719733749808819,0.0626884373400991,0.361040791445669,0.4401543427895,105.193780053318,0.923436336557634,0.718543266759866,1,0.0756511360052712,0.338732793431846,0.430383354703522,104.04087098564,0.926714457015413,0.912582130971785,511,0.69789312216613,364,365,0.55546225348369,0.289422821692333,-0.672535746404413,0.435140054931875,0.556359368711265,0.33234562418884,-0.474942608241902,0.472382376671993,0.543956398669002,0.307383855505769,-0.445597479960481,0.413974942982055
62_153,-2.02376546948879,0.751822252475302,0.295349253355296,-3.73787444913341,0.711698445862695,0.174095663601966,2.17742053388739,-1.16654476880005,-0.203903695396498,0.0248644334438995,0.0348991078597254,0.126781743524355,0.434254097909207,0.422131726210303,107.065999062763,0.813845109194945,0.87286001348188,1,0.102534488917821,0.120869139034425,0.143777906277126,0.307835124141688,0.370953369109563,83.0736660035363,0.72560561353436,0.822073190359783,1,0.134285453998982,0.313031324227017,0.390779002564536,90.9316767897158,0.856999935144036,0.76142657763116,512,0.782641004564881,380,380,0.5257489602753,0.316884213886312,-0.688652039443418,0.524409531570577,0.630019643884796,0.236803524480518,-0.613536805505281,0.299447234085313,0.56668321823076,0.250756639580974,-0.59802140360093,0.322009431788402
62_116,-1.7820019998202,0.477094927639196,-0.328413282917298,3.60549668948287,-0.0817215218304998,1.44667073323191,7.69200652808802,-1.90089702319686,0.576816680025382,0.0223255181881358,0.0310427067570171,0.110535234843846,0.438127346744445,0.436769377621442,106.411017403747,0.841164727957469,0.838695473598065,1,0.0368517628777402,0.0389700833503802,0.0296947300885823,0.387720677496903,0.475654025189306,111.473370430284,0.976579847547252,0.708458816363467,1,0.0604014225608931,0.355030453259715,0.458224477660562,110.561205965023,0.9508537273586,0.942254881829983,513,0.706095754543312,362,370,0.549001408818155,0.330675128955045,-0.661019391241824,0.55102859026734,0.545535336737993,0.379556972543494,-0.482570827010237,0.609905959631384,0.527583990716947,0.3398123825462,-0.498138279896998,0.510293357661273
62_167,3.73198537936947,0.843068943251592,-0.606893480284029,-10.0773985670413,-3.25384455727837,-1.5858941343999,-3.82073305353543,-0.323965714029095,-0.564612346880959,0.0538901307095942,0.068080690031173,0.15694552033497,0.444995200209656,0.352483360619578,86.4628634483653,0.75631235530766,1.01784567187699,1,0.175466288340597,0.201929616766754,0.204831174312398,0.247002339794449,0.30380397673652,54.8386126697289,0.505935002184379,0.842031130277852,1,0.194775307779464,0.261806239215904,0.34148847849455,72.1154571233312,0.770084285278019,0.60659628706944,501,0.853491061752112,379,381,0.744103324817872,0.280236058573584,-0.685795472094454,0.434484472434697,0.703985084604105,0.130237967954266,-0.565974693022977,0.138148745326621,0.61756716586478,0.168557623684741,-0.684050243330911,0.208347207222074
62_122,5.92478848606542,1.94754495196241,-0.135644198670121,-6.95346241128756,2.26359163149183,0.806969885707387,-2.14967174198305,-3.61889516419175,0.623033886239557,0.033504641833185,0.0467655416268296,0.174781451321351,0.47406953585687,0.326192368094831,82.0496242682273,0.733621635331005,1.1450435752863,1,0.107618746504518,0.129566245451055,0.181972450164068,0.280429501943457,0.342269452694934,73.9832589741329,0.65702989480073,0.932857538983432,1,0.186551427358317,0.281878207358859,0.363813757358964,82.1514411559085,0.885419342673609,0.660433965117264,499,0.911577444769828,383,393,0.895006309729018,0.292901871907399,-0.724655907329809,0.490226268319894,0.732115233158247,0.202362233048172,-0.703423604936595,0.276460636747198,0.633075862063992,0.21274558960764,-0.745574033667386,0.302073152003711
62_5,-1.05512603451216,0.00251978935037878,-0.255337828301351,-1.36852922616616,-1.27464796625096,2.44834557035376,2.10714146938883,-0.412385895493536,1.59642540151119,0.0256880061831068,0.0347147180151375,0.106030037608245,0.447294612944454,0.428870848837297,104.005420908913,0.849438119665008,0.849446600911581,1,0.0763865390586162,0.0837132770080895,0.0773640973876584,0.343329143310883,0.411135369813033,94.00930038481,0.904060190404507,0.768630150927717,1,0.116157534978492,0.317115828351838,0.396540520327481,92.2033030561107,0.874941065608948,0.829745056017639,510,0.776734650543863,366,373,0.57069614567872,0.332305099182365,-0.647419740115186,0.54890166185185,0.645804102920132,0.314870185449175,-0.47362393605968,0.441545631832819,0.606483358829729,0.269587744555691,-0.532333823188381,0.362611502827682
62_103,0.906959168881223,-2.73496583968997,0.78984726292495,5.6008348490994,1.09675839158485,0.148640724999407,5.48747655574887,0.818510525318523,-4.96421567336471,0.0319164185133905,0.0405415279143994,0.0941973913358838,0.497528871902514,0.384633886680962,96.807686177722,0.880049688732105,0.937923494826881,1,0.0414464179574698,0.0450403728720814,0.0370886562990669,0.387119310355218,0.481681486075203,120.150961029572,0.96744317600968,0.682181407501127,1,0.0976162994867113,0.315667178380558,0.447041139148085,98.5801323273294,0.875113114393425,0.871646066867101,514,0.587079352892411,368,371,0.654781786487223,0.343042443402215,-0.606982832733212,0.560232080392765,0.472891299447715,0.369370977546954,-0.491344257722124,0.577160828311021,0.348602791137934,0.272306568059685,-0.455263840976424,0.31526305855046
62_13,-1.34130731122453,-2.60843118006648,0.989493654268375,4.1718981028526,-0.57811410147829,-0.0349519278557791,5.26083037920326,0.0902723208257834,0.000998884972441053,0.0189349212290228,0.025683468417188,0.0801572966539125,0.489153372788604,0.419842023594157,104.875058393106,0.899880721612044,0.875551692412914,1,0.0715453003850452,0.0769519565815246,0.0528422788938918,0.365665906950677,0.456208553506278,113.638431710797,0.941698909198785,0.662889538644876,1,0.108876565279433,0.318477663657823,0.401471290385167,101.530709525163,0.851076937824071,0.835975795653303,508,0.694575826454586,364,370,0.57626694742457,0.359676536881303,-0.607982769614247,0.614363086375141,0.484708901659684,0.334166175869801,-0.439013873482014,0.459158359754366,0.506805563746459,0.258628253978427,-0.453196245988357,0.314395099184238
62_19,-6.22573151023668,-1.514383149042,-3.14900443527018,5.10979805122273,-0.829885800549133,-1.5075386411517,8.89385431798991,0.944155788617003,-0.909628470678577,0.00660667048247743,0.0105218568030992,0.0579745249428549,0.415767612777111,0.52685013117436,115.484404104856,0.925123730430906,0.659503432661082,1,0.0619453492981677,0.0666226311049348,0.0490285482823362,0.378851115635465,0.470639668580131,115.128401125091,0.937857412656514,0.651636342145994,1,0.0709964063061806,0.34213882184627,0.436676751891242,110.878189385599,0.922047156631619,0.911073775452001,511,0.635125325076724,360,363,0.301247629168681,0.384650067014127,-0.611119772343539,0.663076022124917,0.434543736391541,0.347830431384185,-0.453165909910792,0.485562363185851,0.461796263364074,0.300983272672574,-0.381529119095334,0.373464305458565
62_105,-5.1471530678941,-0.235572381598153,-0.574461294899282,5.4212589847379,0.127051850781643,-2.35626111472887,4.97717587681258,0.907941283049608,-0.183966514238396,0.0121878859634171,0.0184050816037518,0.0913412860021671,0.428265844345262,0.475907104398184,116.848765436857,0.870118710042282,0.762037837073554,1,0.053397191534522,0.0581361890818307,0.0436342159312774,0.382160861357613,0.486661169417568,116.320077386368,0.951395452849276,0.637362212108221,1,0.111190251183148,0.315507673943616,0.397391610869468,99.3544534520735,0.843205146072982,0.82388253966884,508,0.685369003818224,365,367,0.412997376695483,0.352379074281488,-0.649727230351029,0.601327293544306,0.40828612081757,0.355245824215667,-0.47526920847741,0.512287464713654,0.505787383969461,0.251990577102897,-0.432498058932794,0.29877964814184
62_92,-1.51595638107313,-1.66393100865812,0.902902101206715,-1.88198422715312,0.631148748701616,-0.779651528113358,1.77251307997299,-4.43493048792066,-1.2579627332391,0.0183721425154936,0.02615347458506,0.100082643943337,0.475307171630073,0.414493639161493,105.552227605604,0.876104831598258,0.89567973334327,1,0.113450014288796,0.131339756748747,0.140722133986024,0.303668838017494,0.379278166590605,90.5653688039106,0.732137230975794,0.752530315840784,1,0.163982321007201,0.299706999286484,0.381181467953782,94.1034108904855,0.885587030868531,0.691834757078022,502,0.820357135467074,375,385,0.575725044056522,0.343996021246076,-0.640707808328468,0.588979588168051,0.543797318201397,0.227533213138102,-0.569144007907161,0.270623232017382,0.508405941258051,0.222771021449887,-0.703350478207586,0.295417666154688
62_136,-3.63511017678162,-2.70729894055149,0.326607738374712,4.8229451264216,0.541214139071488,0.530236561272364,9.48252225902251,-1.16146973593537,-0.449780452979228,0.00775866060997924,0.0126366515548162,0.0691308490522041,0.475299808289743,0.455858179377499,109.797033987773,0.918868211026868,0.811209723076347,1,0.0370746984885748,0.0402104760708081,0.0396081528793382,0.393210421957935,0.473816320239609,116.334483908257,0.960451602257239,0.709862122684953,1,0.0677102386270625,0.351782819470661,0.447286786658337,115.095109561448,0.929802702826715,0.92304344961914,511,0.66883975947815,357,364,0.451083631200394,0.374090157270964,-0.613280111560124,0.662724170363689,0.49761686117455,0.372659682704389,-0.496730654282347,0.590493996314975,0.47035487433336,0.318177792244938,-0.446212050039451,0.429097019017331
62_214,-4.18205994626676,1.78759283419808,-1.15469825622239,0.394768766279647,2.86960962672724,-1.78899697032493,0.206834688870184,-0.194559871858325,-3.57167500701863,0.00604873497905746,0.0133010298073771,0.120447971106461,0.41351053708478,0.467982807047528,110.917976548108,0.802098734303336,0.796753833548238,1,0.0891792167554343,0.106899665408789,0.127594341690577,0.326558153786698,0.404277151813368,99.2452812927966,0.769805169557165,0.749110122876703,1,0.167318405399963,0.282302210452984,0.36805987928445,83.0336584982716,0.776956898026262,0.658389924112948,506,0.71627944239045,379,377,0.354819959898728,0.336960741490002,-0.71584366621873,0.579975383949536,0.484433183484084,0.255831292797832,-0.62999053058763,0.326618863848253,0.430483521417269,0.186929567212752,-0.613800955422321,0.20485543049168
62_17,0.30486472719729,-1.53631264294679,-0.0141085772130406,0.195129058513436,-1.37660337575487,0.571298125592527,2.16781542386808,0.73818688282086,-3.69357025830285,0.0293155388859453,0.0380152101724409,0.117050489861091,0.47059785025168,0.39124295093302,96.4313123763647,0.847442911603439,0.937156410846684,1,0.109094240377892,0.118743161295351,0.101897247150449,0.320936412604105,0.401442853363305,100.922596625804,0.856739317228235,0.696533251278997,1,0.142681083457624,0.290223718455869,0.395360185535792,88.7787882034719,0.807735917584021,0.764652322872626,507,0.656018909408688,366,371,0.611368825612824,0.324184135666958,-0.648234420488023,0.534562857351304,0.53129958010233,0.264000791131638,-0.415257019543513,0.327412623771412,0.401751133878508,0.212843829419152,-0.500629722553497,0.243053869386855
62_96,-1.37816014631825,1.23977554690474,1.48461621662835,2.5866369380747,-1.0388506924835,-0.79329819198613,1.07448748122913,-0.138446779555568,-1.43395691916072,0.016906917655499,0.0279555657601487,0.143005213755181,0.447055129468086,0.401628347386711,106.642346186603,0.779760453189099,0.948710187189271,1,0.093200542928535,0.101466775950908,0.084567200008447,0.34358927069888,0.427317677663955,107.862051170544,0.868707992780591,0.670266324263013,1,0.159469278871682,0.289867022084182,0.362611129580934,87.6891577074404,0.763602129030692,0.683588758208391,503,0.741547485528527,369,374,0.545082141634918,0.314177774483925,-0.722500357645711,0.540495342827288,0.468270774062264,0.292923588199358,-0.443105704701802,0.370724399503313,0.484915002388394,0.195407456488266,-0.547270295633892,0.225689254914053
62_258,-0.170071663514548,-1.66169571269081,1.91598345360357,-2.9575105888757,0.68827167018505,-0.0562676367495397,-0.00934868972798683,-5.75890336353949,-1.5672972072095,0.014076690731348,0.0221233796951718,0.103795762215432,0.49835978036858,0.392725650027674,100.907937988932,0.85914506192766,0.951923186274944,1,0.117157886998845,0.134701695613999,0.147463926522651,0.305218633700006,0.363038153009901,88.262907407909,0.704666459563351,0.799217306703112,1,0.190907759828442,0.290273551995111,0.362830176689918,90.258311021659,0.86674056211434,0.593793189317867,495,0.886399258444594,374,392,0.560589757943467,0.349202542760235,-0.64517581234094,0.609597350661146,0.576546877306697,0.221512530471133,-0.568584789981656,0.271257621771451,0.496724845020895,0.199574954297197,-0.788848754654936,0.270464188695632
62_182,-2.87912203370451,-0.510885702188492,-1.95652931810314,6.74368900398414,0.865757998499993,-2.92501465323685,8.52294918221764,-1.80056136737214,-2.40860466493517,0.0242733419162608,0.0326196869394315,0.0962122241624891,0.424333213104811,0.46321889855205,103.578111790554,0.845102679608745,0.758886792358633,1,0.0137289530650542,0.0144805109128526,0.0179074841294983,0.420986517855729,0.52193696410448,121.016868234443,0.992504791311825,0.660482202030692,1,0.0781591124726572,0.349627416948009,0.454605625523992,111.838593281005,0.914261349865369,0.907212331270153,511,0.663314468960191,313,372,0.3504078789127,0.34210256506806,-0.651712945414597,0.544397786408135,0.391948062581341,0.409076367183493,-0.514118269530724,0.719415971545487,0.410963821783252,0.313067388075886,-0.492066428755679,0.42418789897117
62_58,-3.18157264755447,4.54447387685536,0.680404289339617,2.53888240663274,1.98932431155446,-0.421957623283894,3.53036487475962,-0.644980710547748,-5.94011449958087,0.0076020021797568,0.0153557810808187,0.169046629075228,0.405632569455686,0.425618538053863,110.564376476787,0.687578063473269,0.919102024915178,1,0.0612839251543525,0.0720653450802139,0.0859766704323687,0.361045645219511,0.436841704413476,107.457082652092,0.867099512384557,0.73645961709987,1,0.132042566413284,0.302760796756899,0.428025865745875,91.5287460893893,0.860317448708977,0.781410043842977,515,0.635591392797801,377,379,0.444624673247168,0.299721249552456,-0.788828712016598,0.526660590187135,0.500243745380261,0.312786136786069,-0.566178101657199,0.442633971367,0.334627233261888,0.242744096860237,-0.600233277867594,0.27845564216914
62_359,-0.677131119844969,0.184384158477854,0.873442707703036,2.06311102411774,-2.20643979513075,0.227949057767955,2.54543070318301,1.80304625223432,0.295820064768455,0.0202970334794583,0.0290907964576528,0.120426196375605,0.458804127424097,0.408596469715744,103.548569334732,0.823162620322363,0.915435582007029,1,0.0949176565632982,0.103084629365699,0.0750055589651105,0.34452056037078,0.427000325176517,104.365369517243,0.893720507713766,0.668045140633152,1,0.122966363948659,0.303316874595509,0.383115234575487,90.5926317528083,0.823740091600575,0.801667811983735,509,0.705035871211094,361,371,0.594292049034079,0.327618598334823,-0.672027412469686,0.556504509755181,0.511278092364071,0.301741136743178,-0.411851719038133,0.376447914311439,0.55155805394688,0.237861646206305,-0.442737062778374,0.276951299199118
62_175,-2.73055263439738,-0.0268706536740865,1.56876339397336,1.34819179573974,1.18824508178186,0.0997618377539033,0.332509832206931,0.829181599544043,-0.0372209224239992,0.0114354654810728,0.0190776553661682,0.108677256594259,0.459249727006993,0.428925964347824,111.931208996649,0.857224675915953,0.878890432249173,1,0.0763970920978427,0.0877165571910219,0.09945226783568,0.337872852705741,0.422741395943362,103.828119677599,0.85117233188503,0.733971432127803,1,0.150029985714367,0.289024844130459,0.365700546679659,84.5286486623357,0.773218573593566,0.730260709854747,507,0.751582363716513,376,375,0.531622408697973,0.342795341022757,-0.664342182199006,0.602526008011135,0.522020422795887,0.291607120200307,-0.544832761908628,0.39450900927146,0.564420588600624,0.209615417924152,-0.523593026026039,0.246599533394773
62_169,-5.00305384263748,0.137097464912373,-0.172354069964911,1.45864348115869,-1.09803595075631,0.322146318747289,3.85321441291754,-0.621800348604508,0.833231780219766,0.00996750278358985,0.016117925506169,0.0930783174667754,0.431117468049153,0.473445281480714,118.327419600173,0.874666725779338,0.774824368221324,1,0.087753456032551,0.0966947925049376,0.08168801523451,0.339755317799342,0.426598539986304,102.725747495564,0.88716856587649,0.690945124941936,1,0.109056698425445,0.321411000795787,0.405303809642225,97.5890902614442,0.864626042529798,0.841879812090802,510,0.740851907421623,366,372,0.458918153388831,0.351797224780594,-0.652655728971178,0.610421294066825,0.531761516389181,0.299489999394047,-0.457798922466649,0.38718178900404,0.557923245067912,0.272338956917833,-0.510552775467954,0.357729737566676
62_173,-0.304245751450416,3.68001901926905,0.145335563666503,-0.916509783357861,1.61706235978913,0.298593512690983,-2.52708457202194,0.784312032741915,-0.385658675878632,0.0223410094872313,0.0356708592094972,0.174506162103357,0.413991426172652,0.39721474272862,101.106885461066,0.691600473519606,0.969834419509438,1,0.0831134147319601,0.0975643609336003,0.12049453282987,0.322840872420428,0.402219966424454,95.5832165509947,0.806659039369446,0.776544505045388,1,0.177218729050529,0.275304039473396,0.345301232736781,74.6586437689077,0.758850068049626,0.636863833872155,507,0.818261347556,379,379,0.564114914965382,0.285240847557463,-0.793809110282873,0.480882564018349,0.568308947794586,0.268732074742048,-0.588966278126379,0.360970163167022,0.608818327448226,0.183278417897335,-0.615360627735393,0.215922015851422
62_168,-4.32397500361129,-0.609463547339769,0.399217769571618,0.917050324797477,2.34977669738734,0.837740135464905,2.98598601447133,-0.149839393006845,-0.731611574842232,0.0172689456928585,0.0244204450556771,0.0974640017253831,0.438732824405508,0.454229169048997,115.107968014654,0.860223949859514,0.802324289574987,1,0.0535042593369783,0.0646711584101761,0.0947420705240867,0.350135815735707,0.428858992211167,103.193412802322,0.859642382794843,0.780842418413072,1,0.126171592249448,0.311499096668966,0.392714225861758,92.3681005139076,0.829591783113946,0.780812619204885,512,0.733233630117824,383,375,0.466259191731585,0.34375155756449,-0.650366700887171,0.577811464370288,0.562465548726377,0.313344230392513,-0.597905866033867,0.465118925304157,0.537447728111648,0.246432329424265,-0.538470379721301,0.298707640774212
62_151,-3.15937532399201,1.33025048527353,-0.55343135746282,-5.04300442938429,0.634991193257829,-0.392671818875183,-3.52345590541915,-0.324822075096957,-1.68180068670301,0.0210788694835611,0.0307989798760224,0.125345441618773,0.418644358702834,0.442952178608136,109.770839644946,0.827391470556696,0.827524355532461,1,0.120576429520869,0.141096679324491,0.164839458093154,0.285055887891336,0.356029449258914,78.1677707741711,0.682726688827394,0.820719490475595,1,0.198015926684255,0.261666917489488,0.341241634743784,71.9092112169668,0.750070931399441,0.582930157013773,501,0.836710592162603,379,381,0.460390845506369,0.319332174755593,-0.697745265082895,0.534422011302683,0.631115278320868,0.202809974626482,-0.623307254165262,0.247884002950246,0.567672925289113,0.16160231296539,-0.698315076339823,0.193992701271217
62_94,-0.35013350063677,2.24143217364764,0.0784495540567548,4.28471224323731,1.01237310232673,0.5699295085379,2.37805520592789,-0.806123580100069,0.808617594093252,0.0303515263491074,0.0422517023115853,0.153134046931059,0.424274562771924,0.400380220681131,101.29389756215,0.754108222640533,0.930214381742259,1,0.0483150463441814,0.05354763874797,0.0503513878086169,0.373456748506652,0.46817671721907,114.479737251406,0.94654463428424,0.69550110189049,1,0.126507853336244,0.307627225794623,0.393472253416982,93.27567912777,0.855074883953537,0.808286811094096,508,0.759071828578,371,375,0.570976634950341,0.295331087185605,-0.725367180005668,0.482700962458356,0.503006953678321,0.352544608602501,-0.50396104599943,0.534080060158755,0.571544956026963,0.252182234366555,-0.538914323283079,0.327999439140641
62_18,-4.52277773014075,-0.223594148394403,0.117209615917859,-0.345196683889874,0.297193466940882,-0.0065326686817655,-1.7750299535101,-0.435488393633804,0.271994024517562,0.00949697695451422,0.0168169976386637,0.0984873354410494,0.436693572974212,0.462966794107499,115.480439245819,0.861584719244323,0.799730712502143,1,0.0873450166123006,0.101019735212735,0.109117282859194,0.33318755707029,0.40549493224861,95.1107975297017,0.811820926568428,0.751349888569305,1,0.168053344889964,0.285801827574628,0.355211760308335,79.0785333488187,0.815895436287268,0.671700569092946,507,0.836575947779023,377,382,0.456225812035098,0.348643858944886,-0.669862604989626,0.602944150717866,0.557733345695418,0.276755493278684,-0.55238699747965,0.356556905769283,0.621863150390566,0.204376105125563,-0.639088954032928,0.253463941874184
62_57,-0.489493646011592,1.05745796827192,-1.14738041138016,-0.813996204682688,0.975562385575909,0.175495897764964,3.25263915965281,2.74378175626682,-0.719776472449535,0.0584043364856808,0.0731627955074149,0.149646044758358,0.402166730982997,0.397680108186948,98.8802193812407,0.741404503159768,0.865923412968399,1,0.0919095801734005,0.105386161480209,0.122759430407453,0.317715519907035,0.398839430389708,96.0835725855116,0.807631163207297,0.759686638706406,1,0.123203228609994,0.296509630828949,0.385415364877828,91.5917700599234,0.813782635699486,0.799442945307081,509,0.65391394858968,374,366,0.524203341479774,0.272532288074653,-0.697696613617809,0.396182799313781,0.551424686295255,0.259670592553383,-0.552904823024205,0.339955936674081,0.508214732756304,0.227388121143504,-0.38740978290949,0.251205556351972
62_147,-2.3305504031546,2.53696932849633,1.00127382980246,1.89774688938723,1.29735369707729,1.01710226601919,0.672757694916549,-1.786181165537,1.12407129331229,0.0106239378188254,0.0180010818231097,0.144071137080041,0.432365868227699,0.421087632133598,109.318666908074,0.793622924351757,0.914091351035419,1,0.0555765690407208,0.0635458376804388,0.0756572376735516,0.354513071380911,0.442347648068942,106.772270261275,0.90749047995651,0.740110675424892,1,0.14784349219432,0.300188533451735,0.380366910137331,89.2577632927477,0.862568600452817,0.756220900230914,505,0.818702074356472,376,380,0.534809383640078,0.316426422727848,-0.717364694344639,0.563071029224794,0.548170840404296,0.327412053829746,-0.53792525103043,0.486255612351462,0.599249950323091,0.239168440304813,-0.610828266262598,0.320924302132903
62_10,0.652843862016415,-1.57980706782451,0.687420644783638,-5.12081160833022,-1.80822742768929,0.625681552665,3.18139604010245,-2.00343395754049,-3.44214816861709,0.0226012503309942,0.0307112961245483,0.0973754593602049,0.488948457459987,0.39918041286411,98.5141514658249,0.874328217239057,0.924437090628271,1,0.128995680050419,0.146610175223361,0.146419407679935,0.290924987116345,0.354224451021903,77.3771642821029,0.724996622454783,0.791698580943755,1,0.137332251921371,0.298897361900757,0.417094095063407,94.0872889888435,0.874036997768823,0.792337572361201,509,0.694270029700691,375,380,0.650915301357078,0.345714567565635,-0.626992121694672,0.583455812252395,0.660507038085014,0.216467999367893,-0.510260928332258,0.254585335050192,0.417752781703776,0.242627024656416,-0.611368570779528,0.305356798139832
62_109,-4.01035717761385,0.775807820653676,-2.52900391164309,1.49060445261993,1.18483822027607,1.30945845373031,3.41129886272123,-0.692925747776231,1.27342196395326,0.0157264732620448,0.0236590715425142,0.105293575071822,0.405416138762266,0.481065993232103,109.272064641895,0.856375563505852,0.741900632121562,1,0.0567540774811754,0.0643889214625528,0.075430245031762,0.352422144851956,0.439487450595446,105.842121364002,0.910577712175873,0.744824505742008,1,0.109537762666903,0.319737306581152,0.404258608185957,96.8238481248437,0.872528230392761,0.847715471740858,509,0.749375517104207,374,374,0.37963082678362,0.338082250565197,-0.679792301604291,0.559684258764342,0.561003139427017,0.326392826402426,-0.531127783720713,0.485739133722223,0.571027691758421,0.27334582590825,-0.513188611931671,0.364323943569194
62_128,-5.29216131177227,-1.24015385852367,-1.42591905005949,4.76242287159537,-0.221895081697073,-0.173818957642923,4.39631186178159,0.272876897519236,0.760281472422918,0.00821837305498926,0.0118797858708656,0.0635509286785798,0.434680122232027,0.50096467202706,116.629774194223,0.926556319623991,0.714605902934453,1,0.0579045342223034,0.0623738853627891,0.0440223038658973,0.375246374724481,0.471602667530009,114.681048634391,0.953318142892515,0.662679819250883,1,0.0976121674544029,0.325647264804078,0.41024603012746,98.1210888786717,0.883606532517213,0.864684395984209,511,0.718252233853759,365,368,0.409018438131218,0.376180726232313,-0.603115965012703,0.660971333484671,0.479062651966831,0.351603585019876,-0.460794926578259,0.507449990330902,0.558626911431854,0.280186685006455,-0.472054773187155,0.362249173664768
62_302,-1.63044042826343,-1.8794628982239,-3.62220180838448,4.7063246692362,0.995797750638015,0.93816985410025,0.617563409201406,-0.604033473364935,1.99593548699172,0.0319645161054426,0.0391708474163946,0.0833007964423751,0.428645538906207,0.463616709315087,95.8587108398549,0.897164489550697,0.739789501702215,1,0.0333972141682693,0.0363793459835979,0.0314901932964634,0.38677310887479,0.484909232926471,116.031090317339,0.976764717781804,0.695809728146813,1,0.131664325731325,0.307131083278764,0.381612781095947,88.4344124250536,0.869619214022212,0.793097219211155,507,0.807041962914902,371,377,0.398264229115447,0.344502354668933,-0.60429252889842,0.533974938675362,0.515073292982761,0.378685947662788,-0.502617974440427,0.616684390825956,0.632007888183644,0.252136479147466,-0.560205412205483,0.337544980504701
62_75,-0.0892419507587366,1.16003801486011,0.244429590657394,-2.92661783030124,-3.15464423193899,1.49263950847498,0.122824799971022,1.09876741000581,1.68222684461945,0.0195771325323558,0.028857566784336,0.130369228144597,0.451105961871265,0.40728838703667,101.337679052406,0.834044306168441,0.925180438268401,1,0.116807842972868,0.127783150923144,0.104340755277162,0.312326723598677,0.383500703087044,86.1605597364332,0.842254735933466,0.729140674769803,1,0.131291305205944,0.299143332178906,0.374975305836641,84.8414290814546,0.833658592141882,0.793595893760575,508,0.773132105082065,364,372,0.616237992780078,0.321551497444387,-0.682691136889257,0.555758546684692,0.636959381216978,0.261451208216628,-0.406142847438905,0.316140401992135,0.629684390671807,0.238244649131406,-0.500501284248039,0.298941951354112
62_276,-1.22975480239153,0.173151479451683,0.347128486907984,-2.28103284709301,1.419653927364,0.754079918393705,1.87282654066965,-0.0394977282757463,0.128088425860645,0.0183402107080666,0.024731652646561,0.10772433254251,0.455391651472678,0.426442212390499,104.695638712391,0.852634642298419,0.871492298557659,1,0.0788449658463561,0.0938582946874483,0.124416376903742,0.323028128313232,0.394476588018295,89.6386159830206,0.794958469443482,0.814532145035255,1,0.125327309334323,0.303792497255719,0.395473162335742,89.8617958298158,0.85762089824813,0.800930738207954,511,0.741396582251142,381,374,0.573484381060386,0.337416522918992,-0.644452498935426,0.579288277990942,0.624782727816902,0.270046664215551,-0.610865261096023,0.37042013251712,0.576434109633973,0.249455948769739,-0.537625481476259,0.312340858282757
62_138,2.03763099306043,0.688435463514275,-1.13350225213083,1.82908462614254,-1.26011807203613,1.0109961537361,0.95978662062004,1.1173163043214,1.49463192775716,0.0662706668956803,0.0794719103374598,0.144380677670239,0.422304609390784,0.375244912337961,91.0758664265183,0.771669097417359,0.912225292053872,1,0.076478369303934,0.0827072687856666,0.0626837252979938,0.355132803490043,0.437386044633113,104.561821504806,0.925684371775347,0.696848521488011,1,0.125309483224341,0.304110197973001,0.379128559652571,87.1425180814372,0.838903857765084,0.80167996752928,509,0.758131714419124,364,371,0.640833874826279,0.2757311233671,-0.635286743408571,0.402865475222033,0.546381517258542,0.323983390111634,-0.442918547548664,0.441815423020168,0.612180208592082,0.24338603749408,-0.488642114428838,0.303064773002997
62_154,0.940425196938955,0.340927702947688,-2.59757536536591,0.826998168485409,-2.44637305128787,-0.456052836438607,3.5409213556216,0.150134024841491,0.833570199467633,0.0936578215565778,0.109149285438651,0.159372803201642,0.380052127536406,0.374566576923358,89.522076152241,0.709001013828989,0.839122236330046,1,0.103152600328393,0.114192539706469,0.0948731051859394,0.336207149764136,0.410487342791913,97.3296927082925,0.837624457988139,0.685186007746828,1,0.108914097159668,0.318813067198644,0.40068787479831,95.7593409317976,0.863037840744367,0.838032682984801,510,0.731121132188573,304,371,0.524462745296867,0.237859234956185,-0.631172470144708,0.305448732043308,0.517508938682383,0.280138335533499,-0.441570111780232,0.333104933603327,0.562293312055573,0.266659300053905,-0.487860489506553,0.34078760030367
62_131,-5.00558011482425,-1.13114280048047,-1.54023877891287,-0.682357859119849,-3.16224544670836,0.354435705439835,1.29833189405689,2.2815913962041,0.982771601116488,0.0114245261716854,0.017363477513628,0.0735308583500457,0.430021119268548,0.492525955410581,114.709699645989,0.910046257793171,0.724779731557405,1,0.114623313229781,0.125776370425583,0.0980759851412604,0.324392068975849,0.396724518414103,93.5130208737725,0.835246063204318,0.691376299078913,1,0.127377980190558,0.298481750720643,0.374822191597836,86.6544267990985,0.821147684603656,0.787947052552792,509,0.722688395069985,361,369,0.398758865048107,0.366305549867991,-0.626030694139571,0.627764700587098,0.558776674576133,0.268599652779435,-0.403646650997458,0.314151472560337,0.585365315943407,0.231957519557991,-0.440932934295111,0.271918947178216
62_74,0.140428967954907,2.82292144485729,0.555883673734287,-1.73227257147481,-0.415670616188538,1.03152064678416,-2.96533695844794,-1.07320297063526,1.14188276039704,0.0156768634104676,0.0261348410343019,0.15404543377568,0.437551199888918,0.40096414451063,101.082442749988,0.756583348433433,0.961746932749684,1,0.0961791491621232,0.108563065526827,0.110374820835518,0.319320075075216,0.396090168172135,92.112123978363,0.834924602359122,0.755554473608436,1,0.177676725363312,0.279500796824201,0.349108407255283,77.5722584905215,0.838433314851466,0.66717844189797,502,0.87980278985093,373,382,0.60963209566447,0.307562841041509,-0.736028167206725,0.534720068330674,0.600723643401945,0.269157934334246,-0.508230026768148,0.349494152906095,0.662558479819015,0.199294973966781,-0.660049833964527,0.262465431195675
62_300,0.15773784485229,1.13117217057715,0.530040899357,-2.84707239436277,0.341180491929201,1.22062583319623,-5.4713858237402,0.368174988839452,1.06181912181264,0.0168568268645034,0.0258027295717113,0.1339885894285,0.454484438822179,0.402725713180747,100.100714743503,0.801095558863048,0.944193484192769,1,0.0918283131561823,0.10638046836723,0.121121523187618,0.317223001665259,0.386497926864923,88.2071644779914,0.801422475281966,0.80052279601629,1,0.194604599828225,0.264607763868551,0.327517724330636,68.0254509171742,0.796149039749277,0.593886196827139,502,0.914787590009724,377,381,0.619987025675062,0.321069718481364,-0.696767406056655,0.553646153240033,0.637491414193161,0.264047616242839,-0.56132795373338,0.348670159414251,0.719467910604953,0.17140115527832,-0.675853747026576,0.216779387249626
62_308,-4.4750042197847,-0.264651914856321,-0.71913225817826,-0.717509654174936,0.45599581143611,0.575028487654875,0.236555738913875,-0.66869083188016,0.370753614243122,0.0128202880831734,0.0196267360635504,0.0934733396653035,0.429675549974045,0.471586933370558,114.163760931574,0.87522602940414,0.771379083974516,1,0.0809652676011779,0.0936484676005051,0.106339215163658,0.336308365146819,0.405137002543983,94.7141736140445,0.824432438439002,0.77216556293713,1,0.145781785566475,0.302889648752647,0.374919602766512,85.193209119161,0.853523665391306,0.736335547016124,510,0.810077845586608,375,380,0.441274484076744,0.349351943862305,-0.654174610940254,0.597054716902599,0.583477829358893,0.284135411462727,-0.554586644699421,0.379791558106107,0.60975009586036,0.234393752245922,-0.606321218928703,0.299138664301881
62_310,-3.94447715123708,-0.547683593172515,0.70230632554138,-1.52577583895156,-1.58078850916613,1.40530255700383,0.829934271007255,1.22173577345041,1.55921771529131,0.00915690048740703,0.0132627083007046,0.0844015025316401,0.456801163890091,0.457659576452575,115.793084358959,0.909670175465827,0.812067131159223,1,0.100465464256854,0.110750207325129,0.0914306482178296,0.326531389702255,0.401357791725429,92.4684670885867,0.877888956927296,0.7264348937143,1,0.125524477890119,0.301827152039988,0.378928304359007,86.9565765683201,0.84449449635274,0.807722086824495,508,0.754014412678138,369,371,0.512065880609503,0.361380122237749,-0.616584980485215,0.646969758089326,0.608112774879473,0.281481752054162,-0.444844985341536,0.359516397434265,0.612832219624616,0.241652145912296,-0.479771754675187,0.3011774544914
62_265,-1.67450340074652,-1.45624676159389,0.355731062419307,2.76066382212752,-0.153046602263893,1.41956433988469,0.995150615472246,1.73845436523905,1.95866219490619,0.0202525551715656,0.0276095439174181,0.0896366534273119,0.465556098223518,0.432345579916109,105.974471316984,0.882486142034188,0.84756269448197,1,0.049538017414644,0.0535378779954592,0.0476793742207009,0.374748334792662,0.456949774848611,108.75773538449,0.951144728937793,0.719841359068313,1,0.119952019072079,0.303980267817671,0.379513245347711,87.2043881760401,0.85521811636312,0.819769553198328,508,0.748000020017664,363,370,0.563096244630635,0.349334848787848,-0.625701050164512,0.588676274365527,0.551010436514359,0.356066471649384,-0.48299322768769,0.541444713895557,0.618044461094463,0.247420942707394,-0.456658161893636,0.305881319479699
62_355,-5.44929660431803,-2.43041595884527,-0.650863450339297,4.38328245834893,-1.37326612309873,-1.1108382649262,4.20705634933478,2.25494385524914,0.221188333736527,0.0119373502826031,0.017128683743046,0.0595563543070926,0.446309098600143,0.489608689462178,117.311560917939,0.927561667555818,0.729419691698998,1,0.0783322217065286,0.0845218406773584,0.0580461181554879,0.362731325832448,0.456618374759124,112.376925525748,0.925009327352963,0.63992701242784,1,0.10412166168713,0.314832856828607,0.397394590786077,95.0017118148246,0.859207182798213,0.840149338019808,511,0.678745401853475,362,365,0.419509758698644,0.376982195417645,-0.600302042930521,0.648102243081306,0.451759255818892,0.326892644643842,-0.426932163356414,0.427343340468633,0.540359991316408,0.258032568906014,-0.402182300399113,0.303008459078083
62_332,-0.215990668169604,3.21191189059377,0.105284857771154,3.43456083837867,-0.233492412055956,1.00226475246354,1.65432592422978,0.954722264297137,1.21758322086417,0.0267117567481437,0.0387786746674635,0.167537754686123,0.418067790097499,0.395847288904206,100.812823155179,0.727991413306866,0.959265270005491,1,0.0575291675977154,0.0621009919058322,0.0519968653539878,0.368633751550843,0.45677015691037,111.532411656178,0.943613279943407,0.699643777014838,1,0.126722164930228,0.303900587708341,0.381111463058944,89.2554463338174,0.827691604028638,0.79535721007699,508,0.748305807002509,363,372,0.580074158715936,0.286846776710988,-0.757846386085344,0.480918060664946,0.523548338361792,0.346913396072034,-0.470329072488585,0.508344461479563,0.588424583470931,0.242563312125735,-0.488067385846501,0.29824575070392
62_324,-0.318141838484164,3.32886587620667,0.151210394162565,-8.64237799852681,-3.47997313050156,-0.0547723498116683,-0.0478646850176802,-0.280318332372526,0.792748698796114,0.0171597597179952,0.0280397911899866,0.161690405190367,0.423890878095828,0.40527810005463,101.593645295989,0.72918307234774,0.951741694221181,1,0.158844463177697,0.181661883762244,0.180359815676973,0.26689393298974,0.315509227333716,61.229154041879,0.582465454173063,0.850269945078353,1,0.141753659700408,0.301906026862446,0.373426716225932,84.7553190380463,0.861533019106914,0.752801752470157,509,0.804208038577696,375,378,0.584054410711614,0.299021607770079,-0.759301299600363,0.513832573370233,0.746724363312139,0.168807705718781,-0.518702696055993,0.182836116159565,0.622803892003726,0.234539186730274,-0.58125564465413,0.298456070813958
62_322,-0.294686539172103,-1.5194684972651,0.984759628871916,-0.191586629679402,0.516723637626561,1.24458257315165,-1.63934289725161,-0.490353447394862,1.31591821668781,0.0121540304636779,0.0186937970020242,0.0904841269062306,0.491111310791575,0.414270120096399,101.979006109269,0.888638893837502,0.906667074634717,1,0.0732650083490145,0.0826072173198859,0.0946382664314599,0.336209670655462,0.417621930029895,98.7348152739409,0.873598148352441,0.759310028104396,1,0.164043059070539,0.285440766163096,0.359154055278276,80.7983210286388,0.830483747600158,0.710765179135946,504,0.84074250727671,374,378,0.620388303866453,0.357084755316925,-0.630293253345699,0.628579792226912,0.586060791864491,0.298735704499778,-0.527437158543399,0.421638200811892,0.640620525175197,0.21171921796465,-0.604456322448905,0.27600760610374
62_234,-0.517481435759384,0.0244803595652138,0.477328718065221,-3.86530346921495,1.46240425993444,0.611219945756139,-4.41682020574565,-0.929396970920791,0.994562978231287,0.019267260271127,0.027387551122728,0.112835383560169,0.460890999721471,0.414986870592361,102.470262518517,0.836297545661681,0.89922882573492,1,0.099423179361603,0.117597585928705,0.145125265969682,0.301355019176259,0.374025346798839,84.4812626916241,0.760751765493259,0.823128198041205,1,0.19010991218194,0.270262212295726,0.337992928774823,73.1052692282163,0.832093342126957,0.633511238608949,498,0.904900607434027,382,382,0.596882943012683,0.333926567978573,-0.660148725213458,0.567395622049009,0.634427496387491,0.236876719564099,-0.617244945063718,0.312240155779639,0.683883336893706,0.182264793823142,-0.684561907764704,0.240921802929991
62_139,-0.249803854402657,-0.337230391714588,1.37582647125277,-1.51696206776642,1.18530082714465,0.297312066446374,1.70250756789234,-1.02470352069607,1.00706714279047,0.0103653667923374,0.0160879426798297,0.102113083573771,0.487041522066239,0.408912348316841,103.768635761762,0.88269777707191,0.926884524425739,1,0.0883744720209135,0.103109840589962,0.124125018428322,0.319345544144011,0.395887912145967,92.7000303462173,0.799572617374907,0.780565348753762,1,0.133338096826144,0.307546282919797,0.387346747348996,91.3299198456675,0.855795372667512,0.787586794892267,508,0.785675898325275,379,377,0.635108468785461,0.351835552667375,-0.634194393842826,0.631350676729934,0.580440146921887,0.262348034336315,-0.582926149730593,0.347990317195757,0.586355605348826,0.249234316650738,-0.565201045261905,0.327664925485098
62_63,5.40345380564468,-3.6024822771397,0.574233745637327,0.0167496854173895,1.16260376650668,1.15458654466138,-0.0627889469554801,0.834960801546967,0.839058381610822,0.0248551640783665,0.0312042815115561,0.078682429298849,0.577625733745271,0.32701659855907,83.6063367752764,0.924569169673523,1.0768339211666,1,0.0746067156192485,0.0845858146473179,0.0984881782316172,0.333293762459661,0.416769635530873,100.642091568874,0.871581794973734,0.758093546409264,1,0.144544637464135,0.291918459765066,0.367277882593084,84.2252815167614,0.814379240810423,0.753526560113523,506,0.768394934972427,374,372,0.896081289621316,0.375305317452122,-0.579967539545588,0.629052914287175,0.572150146269112,0.29279923205999,-0.534624102204769,0.412973485528237,0.599338978309904,0.217560211222366,-0.512997043535303,0.266662280703956
62_189,4.23665672784878,-2.69601685519917,0.740844481048947,-2.76219906889147,3.42686081081122,0.812226300219423,0.21032806554961,-0.722241393786423,0.926989528249469,0.032638167611777,0.0395970065921061,0.0930196380971363,0.537612095145625,0.344925602648553,86.9467262341437,0.886273998408528,1.03255873939278,1,0.0765167731913778,0.0941241913035688,0.143229659858999,0.313993961362386,0.385466390266763,90.8194767954466,0.764191401124624,0.854537719869873,1,0.148039147551856,0.297041085163685,0.373331583658743,86.3113561409253,0.834415471020091,0.747175859246025,507,0.805147011409473,383,380,0.815803235259494,0.352529695564137,-0.586860972551419,0.578212556074502,0.620776792711874,0.255568490867712,-0.672462817074485,0.364620246330037,0.603833632880576,0.230472829754103,-0.588514483013376,0.294493134824252
62_130,1.98805456695201,-2.87973390968014,0.899940485674759,-1.59102294016653,-2.38508207840285,1.12395044218981,1.01381426635102,0.568437560254949,1.41774444838692,0.0229882608547176,0.0300367967411723,0.0843457282508904,0.52172451012541,0.379022755668387,93.4381923680611,0.895596061420267,0.964592795055618,1,0.105499720779248,0.116412752398636,0.0989114246245847,0.324116266137697,0.394266046257824,90.9234294040914,0.845906790103728,0.731071326767841,1,0.130825827302733,0.301863524766049,0.377865320794872,88.2380289655413,0.830592624895357,0.792809340514603,507,0.76384284792859,365,373,0.703238458297942,0.35810212701107,-0.602215534049284,0.605658238506211,0.609447728536029,0.274794354893114,-0.442146192085383,0.339851167603055,0.599755335439318,0.23848983926784,-0.502499081041911,0.299711006371951
62_188,-4.55993372381092,0.555505954033114,-0.360430630212955,5.24841816592146,1.10522278412885,-1.13366458206949,3.46352209107952,0.447917405471071,-0.939856418292727,0.014510594787733,0.0216127001488573,0.103496225589994,0.424753690643824,0.464978253752891,116.025512833933,0.853696930149231,0.785071888019136,1,0.0510582253775179,0.057653454456552,0.0540890246076523,0.375309774553435,0.47528340637264,116.078201080282,0.933366081106799,0.669202120084992,1,0.11906142065471,0.311382525485863,0.394315224156543,93.5726375480009,0.824528219309889,0.810354357388685,512,0.703516868324029,372,374,0.449478347142255,0.340502465177214,-0.665035825652617,0.578082006232981,0.45170398963947,0.347327964068356,-0.512900290500011,0.506411787121308,0.529885768651354,0.245924123166563,-0.493706726698492,0.292119308721115
62_252,-3.17795530832124,-0.581541888911003,0.484390346259002,-2.40477333228673,3.03187628115769,-0.657082271952332,6.52280584932175,-0.696391188434129,-1.74884692309487,0.0213975368652789,0.0309231362075096,0.105823052057648,0.442948247228174,0.437807754204443,111.31188795005,0.854899279199403,0.834709524138279,1,0.096248356212725,0.114855821530833,0.156215955184772,0.299815588450422,0.380275564280095,90.5163046698596,0.728636597526442,0.81272416045988,1,0.098855636758856,0.32474906903365,0.43268465570581,104.037225678348,0.873973751991191,0.865448512705149,512,0.670176990309775,382,368,0.497595969296842,0.334512621857273,-0.665915841485063,0.558527009951049,0.554411913952119,0.227146342976895,-0.662232125575312,0.301023607289313,0.45498660856976,0.282738163388636,-0.489280507991589,0.361647134751885
62_14,-0.370080222000668,0.531924305278355,0.549364504834297,-1.46647760253612,1.00005979609484,0.555162278352463,-0.998330290608294,0.373372490753593,-0.09916833174211,0.0208437160987264,0.029419135465635,0.129056081646589,0.454876966610393,0.403363548968624,101.75264300025,0.822370310663692,0.9314216881156,1,0.0839381014288905,0.0984436498856389,0.1184991676765,0.324917122263462,0.398002407402771,92.6746601343793,0.800190849616058,0.786908579537162,1,0.158622605388323,0.288215330789473,0.360337923580856,80.1116445952418,0.804016809242833,0.692458873466738,509,0.797438929772857,379,378,0.612215598303061,0.321136506056249,-0.679713376715214,0.548590885812189,0.595656443501299,0.27106769384957,-0.583816028253915,0.360457150357688,0.604309046090152,0.20766978851399,-0.594447294040856,0.248081614129917
39,1.27804460032683,-2.56554305421165,1.17142016565206,1.62404349240868,1.3116778731368,0.864370669926419,1.80469877572515,-0.951489773851348,0.52379193109972,0.0206087279656486,0.0264381064313974,0.084026637227386,0.516298227131846,0.387252271961396,96.7521696368984,0.902414287956371,0.949519088574718,1,0.0594611846905618,0.0679501901549281,0.0830794511832745,0.347485694371204,0.437765106838065,105.630672654716,0.892876976761728,0.741891892863825,1,0.137927597066992,0.302988496313988,0.385852913394776,91.2054328245478,0.837210370561064,0.775836388381976,507,0.774009867727694,374,377,0.685350032260107,0.359804590443172,-0.595203893166783,0.615352937736484,0.550795863063308,0.317518371665196,-0.541650290778699,0.463111200202359,0.566739532507349,0.240931878610327,-0.563614315514855,0.310427845398965
62_66,-6.24637385986971,-2.87038292131189,-2.23123748834316,6.32966888372646,0.346057070002071,-1.11857329229428,4.51110151734633,0.618364831363224,1.41454039088686,0.00632273138293842,0.00921581515684199,0.0407763967810782,0.43691676978424,0.523050913221154,116.639091872727,0.952085244156334,0.669801908099272,1,0.0407614295261858,0.0439101066403413,0.0316577884469239,0.392131835953514,0.495058942848522,119.841093416067,0.96686144247861,0.653096224686138,1,0.0918000843327102,0.327679325642453,0.411175397682035,98.6974308791841,0.898665142340299,0.87855954370788,510,0.717938529148562,363,366,0.344402933052848,0.397158439684991,-0.578981654181088,0.698605244323749,0.441698889344496,0.375442063602132,-0.482551292003169,0.577460570173324,0.569036184594472,0.286712303745809,-0.451664066458361,0.372953264469385
62_185,1.59654584698334,-3.33191144606139,1.08408413018735,4.38182990719383,0.387520087432715,0.341513642211037,-0.434195477765804,2.02731224449492,0.458083581799229,0.0194725953117866,0.0247029624198455,0.0772804038088567,0.531656548863562,0.3797685398997,95.2504292966387,0.920242898109133,0.965479654515114,1,0.0536567260517915,0.0587025951175275,0.0497097881999157,0.37463888569605,0.465595158246171,114.276521561113,0.944928470570009,0.687548160256703,1,0.152944138459076,0.283181817506912,0.358571411815491,80.7581979178168,0.755738148395139,0.72108963282792,507,0.750506488827797,367,374,0.714841405307446,0.366736245120737,-0.58678971459855,0.633449364448361,0.494558075716092,0.349946659058223,-0.484278640891101,0.51573221813225,0.587830235768017,0.203535654780775,-0.492966181607108,0.233747374205975
62_91,-3.20538610353266,-2.5076266308652,-4.03578149372348,6.13425209433737,1.25093199561078,0.18924242941471,-4.19435567037641,2.65051660610679,0.66493570942493,0.0060207545745663,0.00905934183565527,0.0441857521803052,0.441345530730647,0.515852748536837,101.019141929943,0.957632932646853,0.684388987097643,1,0.0311680913320261,0.0333401070892267,0.0306012859745462,0.39507749706509,0.491919729832217,122.084535873008,0.979163750673682,0.684486326920337,1,0.181692667638272,0.267505575141819,0.32841529545811,68.6415853661123,0.711261639378258,0.611214965335323,505,0.826969632620611,366,375,0.334751259634504,0.395498531365957,-0.582493895604028,0.697585303856454,0.466151363070512,0.383076239761513,-0.497696527070882,0.628130328441083,0.654571212888315,0.168997493179665,-0.550309018034371,0.194342237529958
62_206,-3.09475132090503,-0.459302638015787,0.953080687969872,2.6537837494977,2.25483842312807,0.722088468784707,-1.21819643259968,-1.70848848691742,0.679206228784388,0.00636617775825931,0.0127914021916144,0.0944909040834029,0.460554413256865,0.446516614407276,112.29251437822,0.873742439487292,0.844951173207286,1,0.0453747166511636,0.0538460868473465,0.0723755664622775,0.36281229450506,0.452069383234288,109.783554314329,0.906591341127562,0.741054590622581,1,0.16388768324303,0.293484869944275,0.365100836328234,82.7782676326383,0.866703787910402,0.689950547814788,506,0.856676136795644,378,383,0.523042157483198,0.355283299272827,-0.654664639423376,0.63323192470653,0.528064924688633,0.336379660188158,-0.566049183972782,0.514151202625726,0.626051357714193,0.220900357727741,-0.665885096906533,0.290961386458022
39_65,-2.86777584825718,-1.53058691803685,0.942492462536417,-0.0551420610653638,-1.96973451321882,0.969107952003381,-0.524733341948926,1.99982899080433,0.999291242775427,0.00971537223884079,0.0151967428689364,0.0800660540303435,0.472228000039422,0.445864316866326,111.371065761826,0.900804810913125,0.836082018545098,1,0.0958780444278073,0.104738398053498,0.0859004172572624,0.332289578454764,0.412833026384672,97.5536283254994,0.880166229381624,0.706337329761716,1,0.142558713643845,0.290111037474721,0.36190431137699,81.3471441006534,0.795018806794778,0.750969502753325,508,0.75726638901914,363,371,0.540248891597638,0.363810241746193,-0.622896145269035,0.643218261066872,0.572710682591816,0.290805861129216,-0.432036046917771,0.370183524404401,0.614660271634091,0.214695597191189,-0.479817156544846,0.253773791293058
39_56,2.65926123653656,-1.00007258144902,0.258143339425851,-3.90462745554104,0.36174872022179,-0.0591820025896734,-4.18176702649612,0.596267431411455,-0.338769958029316,0.0394887517787558,0.0503390522243474,0.121535942666011,0.479709211754063,0.367497889222355,91.0539971275252,0.827543476077626,0.981923321431589,1,0.115686394884027,0.133795926399862,0.150699292425643,0.292953488079892,0.367763774228642,83.4025671489342,0.728269790453324,0.78955984386322,1,0.194660271122107,0.260779436527492,0.334959026981734,70.3301006334721,0.740931752657943,0.602036075788391,500,0.848057382858546,377,380,0.714289654319623,0.31827396157914,-0.639535819084497,0.508873027843839,0.600517976737721,0.218434933596484,-0.576645148463675,0.268972520473239,0.623911386836066,0.162596316484566,-0.644877205540322,0.197335338818766
39_57,3.63657472363385,-0.531728710631287,0.411355414674421,-7.90231933816721,-2.20280628437328,-0.645778183512537,-9.54692746389291,-0.151996305598009,-1.67321679463156,0.0237464189734587,0.033525093462813,0.125379137071981,0.50125087968497,0.357971261076909,89.4350095358418,0.841000558994309,1.03879522051655,1,0.156002033819247,0.178698886249963,0.185727155363737,0.260860346112535,0.324667631875615,65.5297551671922,0.603617354428662,0.817824110075109,1,0.246860466692556,0.233468764434852,0.299703569251248,54.0091301772674,0.681348650986252,0.401154582672427,475,1.04698667804954,378,392,0.800977599136553,0.331026048661921,-0.659498712773205,0.563074602194025,0.667873996783925,0.161116074781474,-0.547979117620575,0.181440180233269,0.724684395490071,0.112395598943697,-0.880599200396462,0.151322975130747
39_96,-0.700324999892128,3.64526218703548,0.388347077963031,3.1933869417285,1.29915696112121,-0.07482589686108,-1.54584758874623,-0.0577881924526625,0.598338753382056,0.0163166624803931,0.0264784849771788,0.164049472870265,0.42206289898803,0.405732680931003,103.432486235093,0.740942064872357,0.953157778962488,1,0.0635980748978868,0.0722601801071456,0.0782156785970577,0.350840841467506,0.448958697086395,110.448128478464,0.897672276278006,0.700008580229294,1,0.169317124733461,0.283049135026664,0.355553966433462,79.4509908712775,0.790112894230516,0.679505447688712,505,0.833681061696397,373,378,0.579750734204432,0.298105960240867,-0.754936897378622,0.519734246461964,0.492096598073707,0.317264521019417,-0.525622459770204,0.4457378619299,0.622357739410145,0.202987628782918,-0.607744233542816,0.254947679508893
39_23,1.44423170236335,1.35702160682515,0.721117804382265,0.353969319119984,1.4866989058028,-0.2271057128935,-2.2009991640473,-3.25652699203911,1.01824547871556,0.0226517820072397,0.0329583429865817,0.146774894726388,0.45901489168539,0.379952632780623,96.5358416623881,0.787620755546331,0.997612725492714,1,0.0804591340525674,0.0938750325013186,0.11279613415529,0.32758925422713,0.415099833161706,99.6720814060053,0.820999020395693,0.744117178049715,1,0.183709217697976,0.286047115734895,0.35718874396388,82.1566020039283,0.874806409594187,0.653441415846192,500,0.918333032338986,379,389,0.674326307745305,0.310336293615056,-0.702343717600148,0.53071387673944,0.525793650183723,0.276512217286385,-0.574513680052957,0.367206604699642,0.647813387783096,0.21158467777531,-0.729387332451279,0.295972242870613
39_16,1.21549223074946,-0.403358260414424,0.58408045436848,-0.25511188983424,-1.42651684367512,0.00882856529954355,-0.588576834606533,1.56685350372717,0.422095639376853,0.0313070906508159,0.0417428272268128,0.126808782413396,0.467846392521837,0.382286230024943,96.318063589698,0.824009623350589,0.962625174218505,1,0.107550429250085,0.119585287261896,0.105013524415195,0.320077029007107,0.402907687926534,96.4530483807724,0.83616956974593,0.695407666938353,1,0.155864451139126,0.283989681377982,0.357798141672563,80.7724363359218,0.75314220797047,0.712586304132433,507,0.76670662624621,367,373,0.66286010330561,0.317544360232771,-0.662824892362163,0.523100943529931,0.535795401097295,0.264182667747877,-0.452925754402722,0.319009380164064,0.592673473250916,0.202455469347848,-0.513079811980836,0.237594985438941
39_27,1.11397488353194,-1.00317239535751,0.604858407941666,1.50721812061735,1.11061665953736,0.2777135834399,-2.76843952229794,1.37378828372935,0.265097917159781,0.0258996295651333,0.0347537465336178,0.108899082631621,0.483377027379015,0.390107677267885,97.2060585916505,0.861606309571912,0.944920516445319,1,0.0724285182451098,0.0825535234836058,0.0917180990698287,0.337868693749802,0.431686972290651,104.94364831351,0.877117685034144,0.721433931635477,1,0.177229349174596,0.271755646504941,0.343114801371519,73.8598412349538,0.73876704670122,0.649024121106469,505,0.817266226981302,374,377,0.668755688602689,0.335605533248241,-0.636795487461011,0.563097566365739,0.522383123260553,0.300039425875994,-0.5316397732531,0.413621006804699,0.625442887648843,0.181767639174291,-0.578376644949728,0.215571118707723
39_75,3.12117729181309,-1.04772261093655,-0.480716987464048,1.42550710884121,-0.249475948378926,-0.346144805133033,-0.400312075242063,-0.616974606932403,-0.530236468444491,0.0423122846772398,0.0546511067464096,0.139051974047456,0.470966156949259,0.355807484094211,88.5982781210571,0.820488678835332,1.02033110779044,1,0.0979020061329244,0.109494608403534,0.0998471491392649,0.326878198492972,0.416557528609955,103.921113756429,0.850705093893893,0.685505020898264,1,0.167880789872219,0.284289996127623,0.359467188794621,83.3581219535056,0.781415010928987,0.677052819670418,504,0.797351318807257,371,379,0.778579458724016,0.303330582081426,-0.670847397739851,0.481466038350872,0.495253588067388,0.274545196407357,-0.475095448940204,0.340095497287226,0.558209160769364,0.197636967246987,-0.607079086291799,0.240411036486768
39_49,7.16266939671632,-2.91789291658703,-1.01729171945854,4.54125077917195,0.936554912123357,-2.03844552736388,3.37658688021323,-1.36963418035167,1.05714873423398,0.0443428201222052,0.0555504637018319,0.118598880461311,0.541807512859928,0.302963690129738,76.0398946569549,0.860555136308806,1.14019456443356,1,0.0478942648417799,0.05380864312974,0.0572003888097127,0.36494446268928,0.488373469801537,114.524426665435,0.935276106408805,0.646609359667842,1,0.120345285960255,0.317720592370039,0.39921716181521,97.1029474088401,0.861564763841077,0.817239791427194,508,0.767455807417228,370,375,1.01373842045655,0.339275407748618,-0.621878458648779,0.519159959331478,0.400344755105859,0.348405566602129,-0.515950282992625,0.511607736429225,0.563221794408065,0.265215822246783,-0.543606414758619,0.353570194169884
39_21,2.25112593582754,0.246254729987651,-1.07629297761674,4.02251460378767,1.49716316924299,0.512679294576942,-1.76470848102226,-1.51682361577047,0.559999732029327,0.0535674844499578,0.0680079226983611,0.160053065751648,0.430483485947476,0.363861998710089,88.7970276557534,0.759647193589278,0.987223114178315,1,0.0503773976253531,0.0564599729331406,0.0605872293711378,0.362959188289972,0.463785436577917,115.052187262729,0.933397794850809,0.700411572807773,1,0.174636218245005,0.283771992968802,0.356154137730916,81.0578943372503,0.829826407890841,0.66995121824242,502,0.859232191196122,371,382,0.675326064874592,0.273457833655612,-0.710014998225464,0.416384573012425,0.497396965148079,0.342076376254353,-0.515597216141907,0.513136951567003,0.617629707553459,0.203269782755849,-0.660091754129856,0.264957375983137
39_81,0.800761140563616,-1.1894088943433,-0.0791965474022952,2.05026597860957,-1.86672895104008,-0.488379365961883,1.12613453275803,3.29450849501681,-0.620679545466193,0.0521823434428983,0.0637007580906299,0.132567896013251,0.447570078155778,0.37578687338881,95.0318726043477,0.812839232999254,0.936894531579335,1,0.104137637123221,0.114370586492411,0.0886127990197559,0.331477215071843,0.421416524043049,104.620605498936,0.866183661929842,0.651650906543027,1,0.143755654529754,0.282100123181892,0.364905995548765,84.5034090670881,0.763081202957126,0.743782914778917,506,0.671403667493188,363,367,0.62590234133624,0.295972775501233,-0.642190937485632,0.44998590126573,0.483560435393696,0.281326363984844,-0.416175461963074,0.33435646942682,0.52597093990973,0.199228135005473,-0.394826745544323,0.214347338209993
62_218,-1.84719278226618,1.10343605487871,-0.747097070380406,0.803146286439205,-1.20029495782974,-1.80947273477933,2.28697490860081,2.91317055023909,0.932491647641541,0.039530635496017,0.0518233555638626,0.139156892277285,0.411920229151353,0.417357310214858,104.350870797717,0.786275714264248,0.854159115288132,1,0.107817920056239,0.122252019860457,0.117605332008788,0.321934834485146,0.40531605193494,97.0388583751383,0.785828185654583,0.680416666269652,1,0.116499920760375,0.30185650718232,0.380456092151646,89.5714527123342,0.845675007782376,0.819778930933695,508,0.690635517324637,368,366,0.495214475793162,0.294442307797932,-0.702133647805946,0.458846928040247,0.464170731045846,0.254610115300466,-0.498984864768561,0.290385466974438,0.569735598586721,0.237908457307603,-0.386131668929838,0.274219058768007
39_2,3.15616329675175,-2.11091787464317,-0.288737829483096,0.637443977052618,-0.676023311840648,0.502738879462987,-2.32086267586277,-0.632419692933374,0.582966469278998,0.0638194322820809,0.0754002445784519,0.124201825899928,0.467780816915046,0.35217829650811,86.6516583139434,0.812336323844296,0.973256828729351,1,0.0893292015948535,0.0993491476757272,0.089965922697697,0.333644627408864,0.419051324748654,100.685779817456,0.874578861314288,0.707275141767813,1,0.177188597659684,0.279533615544467,0.348971311039799,78.3216921406682,0.79953074071092,0.655202760509219,503,0.854187736657235,370,381,0.711083879724476,0.29849182473802,-0.601379435806793,0.437276097635706,0.542357120413861,0.29084707596387,-0.474315389565293,0.377078949504244,0.624739957547011,0.194112525179343,-0.640391881446499,0.246479054525427
39_13,-0.28976635410649,-2.30218593538412,1.62490412214449,1.71701859923918,2.44283509452273,-1.14627045141122,1.08802396222468,0.593114189009766,-1.65497218935833,0.0205708645523589,0.0265158017764718,0.0869620161579119,0.499958823665168,0.400780901799081,102.417722700303,0.890803948227479,0.918261574285138,1,0.079361480804774,0.0938337490099118,0.118341067283817,0.32883362374894,0.420126109766863,104.394247151732,0.80453163002198,0.730837708502513,1,0.160204051367143,0.285006231858308,0.366867575926681,85.0817261030806,0.718911918032902,0.689670377571479,509,0.732620278465901,382,379,0.616668309820536,0.354333468048909,-0.604246297328924,0.606829777161451,0.470912045751316,0.272575388974821,-0.602023506337673,0.35719035744341,0.500822973772614,0.199596269721785,-0.557054181215794,0.224122090330948
39_25,-0.866217851590617,-1.91927371934606,1.14930609621037,-1.2103372574909,1.12318151098679,-0.338961030783863,-2.26049829455739,1.59202960923983,0.584847115351326,0.0140812453388229,0.019347365297948,0.0854461122263838,0.490720355081294,0.417670709416502,103.680218945511,0.885967095782192,0.892721939853694,1,0.0980975350165911,0.113752336849456,0.128107283115482,0.313065673929305,0.394874385590573,93.6914107815414,0.785269456080274,0.752089662834325,1,0.169552275236183,0.275779601148209,0.345855660088792,75.63391324363,0.74136396717433,0.671813518878944,506,0.80341734798647,377,376,0.601651919907888,0.358535324543628,-0.616509085818695,0.62585321579984,0.543998976684911,0.249454830021546,-0.570216563081819,0.315675813812302,0.625766664736654,0.188514442658315,-0.549021302883546,0.222658790071762
39_89,6.8402075480607,-2.48324257504969,0.710486121713085,3.01223085233073,-0.228973089638688,0.142311883559016,0.471670166756621,0.878997140886909,0.697585647054407,0.0175411175425266,0.023948517800229,0.097177661256053,0.589227421695143,0.304358479150284,81.0378900192604,0.898290780274058,1.14929088116918,1,0.0789259351548221,0.0866358791393989,0.0725951540675569,0.347509847607429,0.442020573387477,110.064943619056,0.909836459485694,0.675867667960197,1,0.145802095468282,0.292660930590149,0.367830291993006,85.2579042678943,0.78296987104162,0.74453007279266,507,0.763993886120949,367,374,0.984811593370344,0.376375144890188,-0.604757829298612,0.63855630723529,0.492373701250005,0.31218581614966,-0.460741494351972,0.416443679930201,0.583089489843492,0.218594018341227,-0.514934266199744,0.263903154937468
39_82,5.59082885455678,-3.26563669158375,0.837198763415248,-1.93434844959383,-1.3663195502268,-1.28758513949704,-0.091796236134236,2.35933444280404,-0.905443478680962,0.0219359765867353,0.029025486759487,0.0915924488049891,0.576279763172857,0.318432185120995,84.1142951383388,0.901576837389839,1.10897140745299,1,0.131563343065262,0.14904425362287,0.137376605278765,0.297215699835981,0.375593988480741,88.8353866606295,0.745148270702772,0.695150053119615,1,0.159582348512582,0.278031948965384,0.353380530585025,80.916283167374,0.708365807680569,0.686490225647406,506,0.715249106795534,373,372,0.923508328494261,0.370321694428202,-0.59951006286235,0.622154999975099,0.516944500821718,0.217377654043549,-0.481216624616844,0.239410472160113,0.538639353580402,0.185248023734277,-0.475027745875373,0.200914476424403
39_39,-0.00457062929461413,-1.76771023241267,1.42745605426491,-7.86228391627552,-3.93168343413677,-1.62324130840692,-8.7716359555893,-0.259220498131437,-0.913215800326552,0.0185178690890669,0.0252072222243677,0.0964283487868952,0.494637195846768,0.398661707969158,101.339877913535,0.880936525569504,0.931778871473038,1,0.172278764052587,0.196046981600415,0.183298601023823,0.257805861262083,0.321782099245087,63.1773377968653,0.592875693816289,0.743426854199699,1,0.235275338234201,0.242228634729628,0.302846772410668,57.7128624020553,0.727551629506732,0.441110470308842,480,1.01987156817158,377,386,0.630641228799844,0.349351376080502,-0.624177532517148,0.603500369241394,0.620770341806927,0.150363183356731,-0.469818468240636,0.152736550858992,0.728011346628417,0.122848573105722,-0.824170327137917,0.164104781132313
39_77,3.97746912424902,-1.15090580337592,0.91642545656405,3.37561702744174,-0.607602625051602,-0.400702589450072,-0.377200527746587,-0.17752568775576,0.319632916010245,0.0248562055940871,0.0340039025046382,0.117187127940561,0.517666870823071,0.348738314087151,88.9202215916234,0.847470136174876,1.05240104877592,1,0.0817794023446358,0.0895453965336669,0.0732182718323947,0.344468656896689,0.446175929953481,110.702888490697,0.906023084494228,0.655810933914834,1,0.158769351665796,0.287035495688983,0.363953605043398,83.5280869916002,0.799143638490969,0.71393065152842,505,0.793812253695099,365,377,0.804435226589424,0.338538801516631,-0.640581993094789,0.572585438142737,0.469710549240522,0.310329877693296,-0.451654063870207,0.404439722743716,0.586882451129661,0.209183469788548,-0.577373177788349,0.259248810736483
39_34,7.64826491647718,-1.75569385174739,-1.47618634426047,-0.803405021992464,1.14699516573673,1.27086883602236,-1.75920998740435,-0.612610867917858,0.70396007211139,0.0488248582683587,0.0618565098771838,0.140193475085634,0.516487610124691,0.302155531870781,74.5357840631172,0.825641309619007,1.15760351958471,1,0.0671208848547921,0.0785130286122052,0.113422920648444,0.339120723164136,0.400084215281336,94.8706811109269,0.837633252349078,0.828129150886179,1,0.171083219808379,0.280666725185406,0.354651433292043,80.2571075723077,0.80423080495947,0.687595001964327,503,0.834993060386394,374,381,1.05023910081048,0.321347485096665,-0.649311432971472,0.481911672584645,0.638243989099886,0.291103660304876,-0.586799066317323,0.417010195757982,0.617846832144897,0.199823523036288,-0.618047924646954,0.253605017848871
39_117,-0.0998917077837318,0.095094330455133,-0.303512583065874,-5.24235271459682,-2.34231285886161,-0.739502456003476,-6.7980417745973,1.43970782851485,-0.668542231804616,0.0389635361072328,0.0495623466135264,0.136150887825247,0.43812416019832,0.394861484515892,98.2194427475521,0.811051706447483,0.916537712626493,1,0.147822671544562,0.167221367645023,0.159146094300536,0.276995156693512,0.34835128953301,75.9420063489872,0.687821122314539,0.737053697247577,1,0.216699409074042,0.248523467095485,0.311982726594068,60.8083333824917,0.674237445105126,0.500130911687317,496,0.915082970483688,372,383,0.584935469672412,0.301574580803243,-0.671301010935842,0.479744392152186,0.593091531190643,0.187394849046496,-0.477000376629987,0.20534284449225,0.670317150762016,0.134536768476378,-0.703859807476002,0.1625871260533
62_240,6.1367210401794,1.02811656609958,-0.987211892849473,0.481751091653741,-0.040985145930459,0.589188739308068,-3.46417545405777,5.66313697203372,0.0882801128855795,0.0655100802655424,0.0852825035499452,0.185983672749381,0.441981572701027,0.314950340338206,78.856707570005,0.680577662568412,1.13778074190421,1,0.0943333701153401,0.104723254457683,0.0969026561718388,0.333292062588705,0.40901662666948,100.767936230971,0.875606689098512,0.720316500994001,1,0.170485711543048,0.259825744792095,0.32771230065116,68.0174525571568,0.70886416618037,0.659967990715167,503,0.70338351135895,371,368,0.859743725982956,0.253260446577385,-0.754663769099611,0.384708713208612,0.533826541825113,0.279581588964457,-0.475610092478033,0.363603287230095,0.61307903828205,0.156058116772695,-0.352135371204633,0.163978784349103
39_17,4.64063134632645,0.523960127882299,-0.22535159096203,3.29951773662928,1.16511301456227,-0.0921560111773816,0.257142137541628,1.52484689029457,-0.0774624826502254,0.054574769027488,0.0678352928404488,0.163543553535759,0.45792975066968,0.332263210383546,84.1298297410976,0.742668731663122,1.08017494777482,1,0.0677961004735169,0.0766285645066989,0.082932691423526,0.34734135844338,0.444156109405634,111.408629268898,0.889395949813941,0.700473355637813,1,0.153746811201195,0.287047014550747,0.36222824664555,82.6041919206146,0.742874330457118,0.711930458171422,508,0.752912570478024,371,375,0.812797675829765,0.27948637034391,-0.682220627724696,0.433366506595975,0.484202870898485,0.311516434617864,-0.518960680003465,0.430525600582693,0.567115884202058,0.206838584038204,-0.518011563004174,0.238668068799277
62_225,2.32877580277047,-3.01148831703265,0.98186259575399,0.302285306128161,0.668150569785533,-0.124637419857412,-4.44758365507584,2.51344811167722,-0.537281177246879,0.0185831823940292,0.0252494271721957,0.0856730685209322,0.533020752884371,0.370914546007366,92.808459786321,0.903626497680376,0.991749329214029,1,0.0846071139501022,0.0981734970814942,0.108176566569132,0.334429201801812,0.409941350740165,98.1262493160366,0.816187063833438,0.74609487828016,1,0.18744470431435,0.262763839751964,0.327094566709005,66.7828776288208,0.702283127768773,0.588430562954178,507,0.814611906203987,378,378,0.738803622286027,0.361794274474616,-0.60682393357724,0.624364567365302,0.539520103111721,0.279253287621261,-0.557082202799942,0.361473556204253,0.63973390433717,0.158465989019145,-0.588913132161192,0.176149956457394
62_162,1.20592803319077,-0.921126255913689,0.96502446154815,2.33750897946159,-0.293017214517128,1.0647954364205,2.76652786290068,1.09773860117952,0.839933900645838,0.0271644812636699,0.0358916728436349,0.113674313204196,0.483749595373305,0.38374675277412,97.0148885675239,0.848443191913803,0.959665416687935,1,0.0715931784959718,0.0775510437278349,0.0694154919995367,0.352176294754345,0.438569569070476,108.615903360446,0.925616560232066,0.707104514096472,1,0.117754922419544,0.312424643502558,0.387629625473826,92.2189884797961,0.851546018516434,0.823726199162049,509,0.733223588812828,365,368,0.666407706789527,0.331105939967975,-0.640425396117152,0.556057400772696,0.528133315889482,0.321511684881138,-0.461163048063849,0.451448377795789,0.569072362292341,0.250811644248984,-0.461010972403288,0.310468437915652
62_190,-1.98681766941035,-3.20359360839474,0.935913356195726,4.98837827645249,-0.186075108717268,0.254437378089027,0.824047375862589,1.30390919273863,1.46687018648776,0.0099976706926893,0.0147142922879573,0.0612757985313581,0.498840819528314,0.437720323051675,106.361494634541,0.930951741351321,0.84789490647309,1,0.0562311039835765,0.0601153441143916,0.0428606278322172,0.376307660013004,0.471111752607865,116.638631437043,0.957275973752224,0.668549891230701,1,0.129570882842339,0.29864062834892,0.374040018915989,87.0719407463029,0.832733626849745,0.797714838325677,507,0.748073405781743,362,373,0.551379766890781,0.378704816137897,-0.592954309097943,0.672149265405227,0.477676527465771,0.354944206653385,-0.456743250019657,0.517830611672732,0.603056534880451,0.233692556078939,-0.472510234038174,0.285669330478414
62_157,0.422142651604605,0.123554993185252,0.365191111425321,5.70152243473567,0.56763486671158,-0.318937970090557,1.00082834050827,2.20341033673222,0.500368456229024,0.0305021030230904,0.0412200652760226,0.139653638038075,0.453070423263887,0.385024392275458,98.0903951678684,0.809252742826923,0.963552690926462,1,0.0411754910942176,0.0446333262867538,0.0364910052304307,0.389784021704706,0.484585338863285,118.356300485376,0.962037461696238,0.675316352292582,1,0.13330314025198,0.293879501652011,0.370689596350763,85.6961962481048,0.806070422558672,0.777433952378249,508,0.717570091520765,364,371,0.631283887310972,0.307123656454372,-0.690280495672562,0.507101450392914,0.465688940878367,0.370601646353238,-0.489505204520086,0.572579717403382,0.578054043823726,0.221054886700499,-0.443148005955176,0.254903024226649
39_15,3.95108805330158,0.824140403179815,-0.105048354852492,-0.182574687865339,1.87698905573977,0.464420827527106,-3.23839700604124,-2.37193903219999,1.88544383562897,0.0349206683037781,0.0457105422035028,0.153769756283144,0.469898367177924,0.34971417117486,86.8555599747164,0.789817350059142,1.06030461267085,1,0.0663479168474824,0.0787515126098575,0.114229319351994,0.329678882435738,0.41733639490932,98.6256616631832,0.824086207884338,0.780258660647413,1,0.184929635380517,0.281534086192343,0.350817059689689,78.8215600427483,0.866911976331479,0.661553367954644,499,0.933896971513752,383,386,0.800176095948868,0.30147855767321,-0.68419445641207,0.498792156235137,0.558377280695679,0.288687525254214,-0.60283937572202,0.410038942796799,0.695857779033972,0.209884817896269,-0.707156992017049,0.295860447035439
39_92,4.07075723109056,-1.98716954195302,1.29634497467292,-0.218302858091571,-0.620031527441283,-0.842069379827409,-2.14245878907902,1.33129607882594,-1.13109001260479,0.0275838070725173,0.0362100929860544,0.115871485460959,0.528619799298458,0.336363495094942,88.659985855217,0.845800227085673,1.0755572167748,1,0.116022983379778,0.130806576512538,0.120648574525541,0.312393008692834,0.393974728407027,96.6638921713107,0.792983224503614,0.691470344871278,1,0.181838001472309,0.267792730093481,0.340819061285091,75.3284187404095,0.690635984831264,0.623200783927339,503,0.774400346911155,372,378,0.817622707766946,0.338768025569265,-0.631798970025744,0.567011276954957,0.497992218774626,0.242970566326487,-0.479863084415365,0.281917042936689,0.55284921038764,0.166206575778916,-0.572739497931449,0.18702082737411
39_79,0.24657942562609,5.64645767345501,0.608683705273661,-1.80250881726061,0.581229795062068,-1.63845044123545,-4.73747765409029,-5.55481591222094,-1.38039000089065,0.0186132917347637,0.0337392066384068,0.202724175619263,0.405190409778207,0.381829543502836,101.126164436965,0.63125704952514,1.04238667466764,1,0.122993635794672,0.141415432882337,0.143271676282805,0.292322907399714,0.383586001863611,90.9868348297987,0.75635315730726,0.699521359558362,1,0.227370344915842,0.264195556420225,0.335975954873441,75.8121984815452,0.847051805712028,0.504266233353714,478,1.00681563417953,378,399,0.585614518078534,0.271078980295243,-0.852008555532128,0.470414381616747,0.488106143957513,0.215242846451031,-0.542027732357475,0.247541569427914,0.604130172841242,0.166565094399906,-0.896686741082503,0.240346091228233
39_110,-2.26954826441852,-0.370681845685613,1.47935482575971,-1.71674967582908,-1.41903766632524,-1.01749469837907,-1.10841575354718,-0.103619921689879,-0.943590665528116,0.0131841774345136,0.0207569976255153,0.10699401644862,0.464370580801011,0.423718776611894,110.320674846989,0.860770434972279,0.887540251972896,1,0.126690442934385,0.1430545630671,0.132462485855108,0.301558597776466,0.38004456031297,89.7459914894726,0.763326270047281,0.698783750395512,1,0.174688001300365,0.278030460152648,0.352956414341678,80.0431605437446,0.759157843618661,0.652252084673398,504,0.795352497041863,372,378,0.557762522727644,0.342935188712676,-0.657199086035698,0.599198117063023,0.521574620953892,0.225771037609493,-0.476111462577536,0.253812902788415,0.557260531860643,0.185483765823719,-0.610093050155482,0.220461896831011
39_68,-0.507387147935343,1.53502207021383,-0.0652960014933067,0.135537966428749,-1.38256448157688,-0.136938860049188,1.3319142047544,-1.49801256694609,-0.167881987713915,0.0534768227416219,0.0675736334341162,0.160914837960313,0.40799297595639,0.385840267774839,99.1766424648087,0.713037622409359,0.917660098810272,1,0.106261428417133,0.118464125411435,0.108143830858297,0.322324873814571,0.401572845309234,97.8803217810638,0.822815660374572,0.7028649990146,1,0.151410401228884,0.296045124353905,0.376472452644927,90.3237565577801,0.827696514616046,0.735137358969145,505,0.781611307472113,366,379,0.496378124043368,0.271148665921248,-0.713103914504782,0.405728704360295,0.52344022117284,0.263880848451554,-0.46200341607366,0.317806922105359,0.546747908670439,0.22196056281282,-0.592690270944813,0.279784635157712
39_12,1.41318299837084,-0.345783857654976,1.10643364554762,0.962101934295112,1.14671715637855,0.300633961031438,0.600191115698164,0.583389401754521,0.138660173469664,0.0280899203467514,0.0375846426743985,0.125908778620124,0.478056296153143,0.376394369499014,96.9185767690338,0.826626423671361,0.982728860781498,1,0.0792589672814325,0.090544599536591,0.0998146256296919,0.334198737756272,0.420391058925583,103.251174534518,0.853573911942981,0.732812017150125,1,0.151483098504166,0.29119712006118,0.367013465986928,85.4238057797233,0.7696428733085,0.722024866902257,507,0.766395510377152,374,374,0.678248084455079,0.322397209341362,-0.656847226755164,0.540171610660418,0.527639127857187,0.288032169304643,-0.535089607449313,0.387897297099623,0.565250937389233,0.212896393912463,-0.533420578488741,0.254399106779553
39_95,2.7322828550626,0.873517401137994,0.737488119981541,-4.10269166248005,-3.31734096592028,-1.36423480509091,-4.63250652596251,3.22723724310437,-0.644393251205243,0.0279472563526722,0.0397407286062538,0.151715694987517,0.470254030756181,0.358671628167611,92.7169556869279,0.79117917480969,1.04664143499862,1,0.150472492978053,0.169419515999162,0.151250383941402,0.279683571172738,0.357416016642495,79.2449742092761,0.701247230329265,0.684103052276821,1,0.192791750594357,0.256234780035108,0.32356392179025,65.2055424888128,0.647228493293405,0.577329935428651,505,0.797885221485103,371,377,0.746072418313209,0.305317046794196,-0.702943027162794,0.519347828941623,0.543257714105017,0.192858267840679,-0.432940633892454,0.199830221641326,0.620656028256301,0.148083849900678,-0.553521715628377,0.163206814843102
39_40,1.1624316759914,4.57361760369976,0.882243343005661,1.40485509764332,0.390990264990286,0.305868287347882,-4.07839689330801,1.2031952150523,-0.414756740137899,0.0162230847604077,0.0295502471553932,0.193362168386985,0.424902549925524,0.373972389055284,98.1411907307471,0.675125271827083,1.0608246263269,1,0.0840246086818142,0.0941187172607271,0.0925452140123948,0.334230275720189,0.424270864924476,104.977108570965,0.871317499029411,0.708005451661276,1,0.19183945268015,0.262237527224044,0.331631860640433,69.8909761987819,0.715385866071253,0.597037279587178,502,0.832967964456877,371,380,0.643553696330828,0.281640114639776,-0.812057024631668,0.497096885420826,0.515481711019111,0.291078653422044,-0.49671530924941,0.384852190645875,0.618636155357128,0.160443814672972,-0.622226112490236,0.188285513018845
39_55,-2.26031099380498,0.822738792188991,0.579487995244361,-0.796277711926056,-1.15411919884122,0.181655057176902,-3.48675790902159,0.957900659123808,-0.0569395008714165,0.0254537428567189,0.0363627580777404,0.12927957201173,0.432535894200115,0.420843357459725,108.568415492974,0.804752283973812,0.875679302767673,1,0.115185584512286,0.128162634177182,0.106609429005378,0.314473472226977,0.397006124180979,95.7642981136823,0.843532926448224,0.688755391689879,1,0.184349536008182,0.267944932144163,0.335729018946123,72.7649549568836,0.747278393217019,0.628186618864706,502,0.826092228260709,371,380,0.519482627673795,0.314915631813555,-0.695027465713733,0.518207753754318,0.539944671602708,0.254538365302029,-0.436070991984613,0.303098761066167,0.616631485256974,0.16899459283752,-0.599808536256145,0.200324787734433
39_51,-0.0311510616856565,0.410466653549094,1.00372898179773,1.51226059735545,-0.984588043479506,-0.902253519836287,-0.283031204541433,0.360616389765294,-0.251188720523763,0.0276695970949363,0.0385430884351892,0.138329564833544,0.453698764387114,0.388673702812461,101.290950268185,0.799734373699878,0.95881565248597,1,0.103805496631206,0.114968980723024,0.0970298373650869,0.323601573933987,0.420928273164474,103.814607007062,0.85828468173184,0.652911576442946,1,0.162755992377288,0.282521741338773,0.358884135837156,82.9348587327633,0.756829649081446,0.695957104382497,505,0.772074276258012,367,377,0.614397476288906,0.310190799340516,-0.693293282908933,0.516904538519553,0.467521200651687,0.271856106955601,-0.441137147014177,0.325450563697109,0.56061990649787,0.196750807316572,-0.556228373241724,0.2333024148577
39_46,0.833716363641604,0.351464199542794,1.04959961154939,3.93653249825852,0.119085262169128,0.2375226972983,1.22034904747776,1.25767740033265,0.549588680661079,0.0253740671406703,0.0359055244148752,0.136338606172562,0.463031799963039,0.383531133818921,98.2474218221453,0.792295807559963,0.976299960574205,1,0.0697044203529717,0.0762244650948677,0.0638019296765652,0.35693560160239,0.452358964423397,113.687991005244,0.92374000180457,0.676232576883422,1,0.139282498824025,0.294867557151348,0.37155747943371,87.2892513604005,0.794694464656988,0.759854726505091,507,0.739802256640222,367,372,0.64190032458724,0.314502395997953,-0.690652517918194,0.528604082833087,0.485867263738449,0.32654602518143,-0.467309752799765,0.451089919462839,0.567377566650168,0.221736800961785,-0.483193800254352,0.263391283590749
39_14,4.74257093932335,-1.92316441359519,0.758586721090395,-2.06330030825638,0.814760120158993,0.452012954370121,-4.53261182702903,0.595052925032066,0.791849661887936,0.0208432185482715,0.028634121697093,0.108926976531726,0.54117950821262,0.337267196431641,86.0659364424663,0.865248971961752,1.08073757207214,1,0.0966892269733813,0.111664020888563,0.127862681252183,0.310171642228816,0.39002226718715,91.2224087827613,0.798440360443402,0.774388480631359,1,0.19153141251597,0.264278032414168,0.332079536625443,70.2588312835174,0.761319242875321,0.613196074072515,501,0.880449989146565,378,380,0.85884874666137,0.351122066571145,-0.629921364721323,0.59662432483543,0.590402309335206,0.252462565257204,-0.563758872685796,0.328956552105518,0.681739099924375,0.170953736627369,-0.63960320349705,0.21373089092178
62_315,-1.90175834660436,0.229583365796733,0.302962396262516,6.9261967675418,1.69991744961713,-0.887421462726341,-3.37262007350418,0.637930655626022,0.250985112297173,0.0259083610277671,0.0365242073018319,0.118539352785689,0.439415751959258,0.424164308976695,107.333099683683,0.82449007359801,0.863208334977237,1,0.0257971856282458,0.028707314470915,0.0284323576793083,0.399139520923599,0.504676434493061,123.257126991822,0.974153975996387,0.668768588156083,1,0.18135627475693,0.270319651462048,0.339016470314503,73.6953748576491,0.768301847732318,0.636269534943247,502,0.834034097526176,372,379,0.539091175878718,0.32267396596554,-0.677326887795643,0.529461751199704,0.440904403066441,0.387373372406058,-0.517710688107928,0.640852876930087,0.63111534729864,0.175855180382462,-0.609157359922703,0.212712218797036
62_351,0.510534549235231,0.996076646825847,0.301426951467265,6.06302590270148,0.555664899056451,-1.13438638942573,3.05983152878647,0.624911818556595,1.22713131128966,0.0279855904605093,0.0402350427441696,0.138806105310459,0.447234022763721,0.394264787858056,99.335463732801,0.790562200459305,0.945262994687422,1,0.0401470615477495,0.0432453698301342,0.0342415464459913,0.38681591321888,0.496534984980212,119.890974343503,0.967451700750846,0.651473413713907,1,0.111539802821341,0.313906468666365,0.393603618794654,94.4606323194365,0.860208619175526,0.834208450280266,508,0.729841157647308,364,371,0.625324739651726,0.309403238057476,-0.702313339294346,0.510831897738364,0.431280082588708,0.373366501667657,-0.484812091309532,0.576229671968901,0.57229944425172,0.259145855111537,-0.467974360817301,0.324946704816683
62_233,-4.45082876272328,-1.32507444402808,0.834324127890602,5.20643016262745,0.294509508079058,-0.338293722835247,-2.48645769302063,3.32966820955307,0.446396926663943,0.0124590486699012,0.018563738420276,0.080442291840688,0.454431179024223,0.460477454488238,117.111139980372,0.896884916528708,0.796565342450837,1,0.0575462952750852,0.0626265330992138,0.0439619740576263,0.375519217256213,0.474095072504562,117.317565059118,0.9550745296884,0.657552228903232,1,0.167393096058572,0.271897575482193,0.338754297186704,72.9567683586454,0.715916543303689,0.665632622284491,506,0.763185220401655,367,375,0.484044881376826,0.360904291647456,-0.6251481126558,0.624795209316232,0.462689282411788,0.35045735157231,-0.464321704820088,0.503585878280216,0.616017745478838,0.178840499095986,-0.478056458324762,0.197914090145639
62_363,-1.76138943610725,-2.40611508155804,0.874239770293854,4.50107487587811,-2.20361866793385,-2.13821052964891,0.517221947130571,5.26266525033024,-0.177227297359977,0.0148778872510594,0.0212631580025229,0.081131897404805,0.484538733598025,0.427373849308917,105.940875221276,0.896541596309434,0.866837893685718,1,0.0849857170988818,0.0912006066487439,0.056950847466441,0.362311983972814,0.459392990968854,111.863411684133,0.923040112891698,0.612552419900413,1,0.140762105737847,0.2816137361674,0.35433056052249,80.6002309491837,0.763338276557711,0.734721462771838,507,0.652715477786593,360,366,0.561977083397991,0.360512130253257,-0.618072655077844,0.622219571928139,0.418749137037173,0.324109962087404,-0.399340932624449,0.40613304302455,0.548471951796626,0.194546601602859,-0.320901542478656,0.199832184886961
39_67,3.09525831604788,1.92225793615509,0.700041231120891,-4.18878835551855,0.946048565808897,-0.00945327513504705,-5.60023327745644,-1.74112729788788,-0.0475115781882261,0.0261945166211278,0.0381958046616224,0.169296743737827,0.460164191189437,0.352829393547673,91.5664269752829,0.744070657895809,1.07981713888677,1,0.119022417452472,0.138322748057119,0.154018727960509,0.290900137689871,0.362917206683829,83.3990289556488,0.726324785154213,0.796384035173673,1,0.213765677090043,0.260523171677966,0.325141767510881,69.683119504446,0.783253717842354,0.539633520987,490,0.957614302362891,379,388,0.76497375114188,0.29497402750983,-0.733872060733196,0.503869276194762,0.599947181923106,0.212456089031348,-0.58622445289171,0.263195020176035,0.662547857120167,0.158299457257326,-0.768399736264402,0.21036734811466
62_338,-0.487627355696059,-1.83175332983535,0.638347735847884,4.11257525952001,-0.0719218355516106,0.855285091262636,0.976055005692154,2.51597853951869,0.98927626941878,0.0233015863236306,0.0318225646219177,0.100207829692544,0.478756969692892,0.405878744778855,101.781729201577,0.879879466531253,0.907444768489567,1,0.0573747421890856,0.0618053701399922,0.048352757288155,0.37437913837577,0.460195929918032,114.052099474117,0.950125682622992,0.691309937725355,1,0.129549702418326,0.298037144841256,0.369767750281126,85.8157065744988,0.81322396718755,0.776047448217203,508,0.725035338045952,363,368,0.615810664042345,0.340602930134337,-0.636635999780221,0.57593697002197,0.502383330807806,0.349078535591544,-0.463633160205717,0.50966869484822,0.58588370419825,0.225948988355901,-0.429079175817884,0.260777502450935
39_109,7.67225564026291,0.376802560613806,-1.32124911253119,0.177049485771268,-0.753792598147432,0.867652371663162,-5.09832557558463,-3.01420362353467,-0.143215064203797,0.0798244043953318,0.0972643012797044,0.178939004035594,0.454252848932465,0.295331597101533,73.3539140107203,0.699162178911562,1.16311984940321,1,0.0949818342729396,0.104727772874536,0.0892013407651925,0.33002605945747,0.414335636244495,100.1290154247,0.883742478033974,0.704582620262337,1,0.213167893872868,0.263497989299212,0.3334072793304,72.5966325512226,0.835439588134169,0.554734674229496,487,0.965624017602512,369,386,0.950204526538182,0.25723401328608,-0.677267479837631,0.371169040491556,0.551801364412955,0.285733204815223,-0.452668508485753,0.368796366767596,0.664236870899536,0.16757707157478,-0.798380551686581,0.232865986961336
39_116,-0.612549054874634,0.284914734877761,1.2411327258546,-5.8311960805375,-4.8694005565965,-1.69367657588298,-1.66034320147098,0.305969121226976,0.701451993296626,0.0118876525977591,0.0196214894567504,0.113038002332682,0.470537290364365,0.412828906725669,104.561067889343,0.844684945918823,0.919437515747965,1,0.165937077033564,0.186822697750191,0.164176673230157,0.270364787287424,0.338909668330898,70.519717475295,0.643009876360776,0.688096799919154,1,0.169120645613047,0.282778362182042,0.352273013255659,78.9487223629415,0.773202632551675,0.668206670125471,506,0.829472877570744,300,378,0.604476457961493,0.340287034127481,-0.665563138152748,0.601752974301321,0.56802157902822,0.17288591667282,-0.403160963530564,0.169722883961795,0.618610014827933,0.200576691098856,-0.598294950739262,0.246983572994344
39_98,-3.38193109479388,-1.21957472264583,1.25968367470985,6.15512111833791,0.732309802634602,0.0352604451010291,0.245919125961168,2.2472787930106,1.36080302422777,0.0110393963581755,0.0157105653781139,0.0873525440288516,0.465660728797963,0.443855477611557,112.871998622661,0.888487573966418,0.838606183377255,1,0.0411946393980913,0.0442037520330232,0.0342547376341679,0.381156522514016,0.491833094085046,121.464741102314,0.971017452638711,0.660711323239576,1,0.136070977241629,0.294895449336289,0.367105789367004,83.3056824484216,0.809686775420091,0.765165939383956,508,0.753160985086696,364,369,0.516341563280301,0.357411899271287,-0.625099098595336,0.630058341757893,0.46297223367154,0.372578232313548,-0.481291105296432,0.578044233898353,0.613372195118265,0.225777372276522,-0.464329847221012,0.268809599128538
39_122,1.95943928027838,-2.9872673621823,1.09082479567225,2.44244265172128,1.79218152765517,-0.392352507950953,-0.489906244959492,0.341176946954085,-0.333444108167795,0.0220846901574199,0.0300768965898233,0.0879845932558669,0.523415331528173,0.374669245282994,93.4182873219924,0.885109897130943,0.977667678349905,1,0.0796023167451999,0.0911487686394975,0.0961163206381173,0.33584522289327,0.429712382650432,108.514624458455,0.862784944427167,0.705043215985771,1,0.163820483667966,0.281842821015922,0.356567653524603,82.2743428220791,0.761061508401342,0.684713873942603,505,0.776342269024821,375,376,0.694565319911201,0.355757205624037,-0.614069351769512,0.602988885336371,0.49193828482837,0.288982808155095,-0.536634347333788,0.385265626844084,0.570180015902422,0.194366534700285,-0.565052494596573,0.229443288595397
39_130,1.08435996402419,1.92662192353115,-0.208863212712533,-2.07632792965535,-2.37104956242578,-0.166706128730091,-4.05259703762813,-2.43343440796905,-0.260052751590255,0.0522605123558434,0.0658252892728956,0.166128234395473,0.416409752324693,0.373391833687004,95.0522274704532,0.709609079932431,0.963909191498776,1,0.133723026075406,0.14886757302667,0.117948032066069,0.303763368424724,0.379513047516384,89.4294455006906,0.807791478665185,0.677301804982998,1,0.205269772132137,0.268455983507749,0.336210062070342,74.6084765721901,0.796883293945855,0.565545219230199,495,0.930964493748744,371,389,0.605299806091656,0.269633251514927,-0.714746840692883,0.413107330716339,0.549456216591607,0.23252482319462,-0.40097947964172,0.258359454900119,0.626749500679711,0.172391856289117,-0.764888908715496,0.228474693890535
39_41,4.17041657146886,-2.7658080926261,1.01663013604359,3.9221071917047,0.699647968629081,0.272381645202204,2.05222878544897,-0.812437833627502,0.499811109544894,0.0212642277116196,0.0284054366388255,0.0960151904764856,0.548927078362104,0.342025640314506,87.8031955129536,0.884032292500063,1.05960130360251,1,0.0649948448163392,0.0720329006178916,0.0657468457978131,0.3596887856353,0.45224753925166,113.78915683391,0.920991837022408,0.68889652972338,1,0.136286213556794,0.30444198411963,0.383348928825077,92.1710027098564,0.831965004557423,0.771925813302525,507,0.767271278900981,369,375,0.831041525701007,0.358987687896286,-0.611484785999461,0.609769657589614,0.48644480713498,0.328047112982943,-0.488858942456509,0.461348136886729,0.561046048583349,0.238081032890777,-0.548764842781468,0.301391712956447
39_136,1.10135200164936,6.03626567460347,0.363056676169727,4.55440818034997,0.223552211457659,-0.186300868135884,0.12909330720741,1.83335317415521,0.103124899829312,0.0205912616192074,0.0365884679238722,0.207484997653915,0.403356018814017,0.37696480109617,98.333956323058,0.609905535974517,1.05730115116111,1,0.0628282238379982,0.0688535970153101,0.0549623120393876,0.366896792594208,0.463000899149345,114.948329986503,0.935107091006536,0.668855906890737,1,0.148801094907664,0.286977942172381,0.362276364693587,82.6093220221055,0.762105479628422,0.726584037369135,508,0.741295453791788,367,372,0.612571055175077,0.266743268601017,-0.859617857041653,0.462447069494385,0.474543023837809,0.338628072633022,-0.47284561019627,0.476847457955143,0.577121290091769,0.206511636685033,-0.489567722537356,0.237724309746194
62_282,-5.85086776712297,-1.9333508319011,-0.560719193260166,3.06006127910057,-0.94654985337672,-0.0766085248346643,-1.82227330528787,2.75319338710482,0.816836795877813,0.00705791065254845,0.0110273175357199,0.0582505194863206,0.444557093865706,0.497529234784285,119.838212357647,0.932067425504909,0.724389642643758,1,0.0881621741192504,0.0964865598251387,0.0621775681512878,0.347777745151482,0.444695271482024,108.928213140503,0.930728700458426,0.643742179324871,1,0.156593728190592,0.275613502579677,0.348184174631555,76.3389914702592,0.755210268637512,0.714658089691025,506,0.75647314995235,369,373,0.420669316451727,0.381219728696502,-0.600365379488777,0.673728953091158,0.49751269479309,0.312246445040256,-0.420777081859418,0.398682122220659,0.633761617036703,0.191752256926749,-0.47178712662854,0.218049805856428
39_123,-3.73355981472723,-1.87895452695202,0.867092565847599,2.0856774686928,0.0827730641367512,-0.266852410945762,0.0847895854639262,0.478807514307916,0.2504883944848,0.0139185815601806,0.019843205764966,0.0799439129934959,0.464579134370907,0.449484330529254,113.696373200258,0.904929359650921,0.817982197883041,1,0.0874933561765826,0.0979779307380756,0.0918117811731902,0.334283784528822,0.426912614870948,106.026070026072,0.868429725609793,0.689351933052428,1,0.15398536181168,0.288154416737344,0.363766039334865,84.13024343424,0.778847943606075,0.717368430971613,506,0.773501660288371,370,374,0.502839173794062,0.361216243623017,-0.616712550419812,0.625045626190907,0.500712169509379,0.289001705308189,-0.488608439933849,0.371562577937293,0.581178343378251,0.208684175581809,-0.543210253592363,0.250623178078978
62_268,-1.42961805439478,0.487477122224847,1.59634951391672,3.28565130405492,0.472486106530013,0.447951800149576,0.0890657656552457,1.31549805433158,-0.487008293552063,0.0153953584569942,0.0237548952533348,0.124879088867993,0.460325067244703,0.407845263245524,107.60880945492,0.83250702847896,0.928402865096714,1,0.0650622974228085,0.0721865300321674,0.0716123707203367,0.359484972331116,0.444162600850278,111.08172955589,0.902881705996449,0.70874936628373,1,0.159884940208362,0.281807466070074,0.358713029303572,82.5128776654332,0.716269697474015,0.692171285562669,507,0.745306128527474,367,376,0.581862783468852,0.329154426080077,-0.67805157130077,0.574462063496959,0.504108419133951,0.324415455870961,-0.497871232235449,0.456966317898076,0.545983621324359,0.19592616972575,-0.52437642655505,0.221503301706559
39_126,6.82439482465209,-2.71020947372795,-1.19504488407351,-2.12285222066517,0.0126974381355346,-0.333812057952248,-3.14806933836644,1.07621489148147,-1.21104028544746,0.0503301990654372,0.0633672010577683,0.132155982282234,0.521133813163376,0.304219346953237,76.8073438272416,0.843301810887097,1.14033645008327,1,0.118075454455328,0.13469162151027,0.135923500710061,0.302965315592666,0.377478528050348,90.5408531551179,0.762472305025642,0.742210945965656,1,0.190023443378082,0.264976955602716,0.334403514799688,72.4070744722267,0.696738846338815,0.593409903525325,502,0.804895217047831,375,379,1.00240143153576,0.321419489551679,-0.640046148934541,0.484570781757122,0.547583705690157,0.228300519394183,-0.521787460134708,0.272341157996177,0.565779537342223,0.15883426834739,-0.612432960602674,0.181484109883848
62_119,-1.10250735865557,0.553273748537951,1.37527897130343,0.312741480445294,-0.30933722115314,0.150635629786378,0.139242801746162,-0.144318478072917,-0.762218546742494,0.023233730419352,0.0341010239754087,0.135481607675623,0.449735620451743,0.399915232755382,105.155115714719,0.792988414309144,0.936624639119298,1,0.106943920785469,0.119117477482724,0.106858759362876,0.320076634386191,0.401985233243235,101.162489758681,0.844577822629229,0.70093027475063,1,0.164385298044898,0.28324775132135,0.359237173284454,84.725837104692,0.749748414059251,0.688164296472749,504,0.765781839731342,373,379,0.56007833781777,0.314741944671941,-0.701336383102407,0.528594600160147,0.519523718828817,0.261727437694362,-0.461798111217033,0.323656248129439,0.53414576137649,0.194861319194598,-0.57436132012235,0.227622795962983
62_267,7.01928746639934,-3.68334993129687,-1.66738506775407,NA,NA,NA,NA,NA,NA,0.0876609825981898,0.102069378561885,0.128929558869989,0.494913781103668,0.296307941037235,72.7459173040893,0.821382517692053,1.09289030787181,NA,NA,NA,NA,NA,NA,NA,NA,NA,NA,NA,NA,NA,NA,NA,NA,NA,NA,NA,NA,0.933603531199335,0.292412366702504,-0.569280841429431,0.39471476282533,NA,NA,NA,NA,NA,NA,NA,NA
62_293,-4.28226114452915,-0.665825375217336,-1.67755782810662,5.20266824455578,-0.563751123391937,-0.554654135388228,0.145332543247983,3.92468097790546,-0.73302953669878,0.0146955280088635,0.0214961287105427,0.0860418150059833,0.427683029098706,0.47932773859394,111.282154217131,0.888869076846585,0.747276781634081,1,0.0642122910944514,0.0689249265382265,0.049902239340242,0.371415239631929,0.46675481436621,117.52580469762,0.942782664280645,0.656551967676193,1,0.153437251537072,0.277754652176273,0.351315507021471,80.4600951656346,0.71930606153454,0.700139320812626,506,0.677604111882128,360,371,0.395981077804108,0.354755056519259,-0.640488013642994,0.597343101725867,0.453221403541349,0.344723246285955,-0.445332119787483,0.481658193783982,0.529821955470908,0.184974391706725,-0.394755040543042,0.190643431544901
62_197,-0.659146956071784,3.60518832441978,1.81980284422356,-5.09058346702163,3.00550620451293,-1.59120189737997,-5.7674996357235,-0.489098494321644,-2.42454981079444,0.0163224974505211,0.0273736587171539,0.177596276842781,0.429913345237768,0.384602422652927,104.792807870808,0.701787866646659,1.01706015740328,1,0.11860933633388,0.143182654236014,0.185755762543832,0.282829807565696,0.348352908437018,79.0756568423729,0.597587174205233,0.867453659229025,1,0.223641670485559,0.25191518840826,0.317989820846265,64.2812583466556,0.670490353369976,0.452264634623381,497,0.92242510442157,385,398,0.579037584442682,0.2912053281833,-0.776394943625032,0.509906370011795,0.581272860933999,0.18604913860279,-0.739047078302738,0.232379191681127,0.57465986135012,0.134146572732266,-0.815655605934705,0.160664496884564
62_129,-1.05825755126933,2.95970629806577,-4.08403045928491,0.622083761962979,1.21517958607227,0.16251422628392,-0.848016195717167,0.403888393921704,-1.38870267119841,0.0381094127773909,0.0534919267439206,0.161182159364082,0.372779438584315,0.435872332943395,94.4968442313532,0.743728052846823,0.808985125472718,1,0.0856002590303479,0.0989801125018617,0.105002820500257,0.335430883568387,0.40992904967462,101.432054255176,0.82522590476517,0.74352378561276,1,0.17742677755316,0.277817234218709,0.349978526515983,79.2093522866804,0.705406682980249,0.619689066821194,507,0.787591535086825,376,382,0.335937501645975,0.276634089284829,-0.794251301483617,0.421744041274891,0.532986170816662,0.279464312099201,-0.547574375200157,0.364254841316972,0.53577028853426,0.182199417718293,-0.61782342817723,0.204878080852115
62_264,-0.698202597625235,-4.00150525226277,0.441254823769127,-2.53163854117992,-2.52334158441534,-0.195517052474365,-2.16274405505446,2.71759360399654,-0.876203550006489,0.0165351308517038,0.0221809646606031,0.0658362487892503,0.510758244784704,0.414764156720668,100.165069272177,0.92791159774766,0.886863750898567,1,0.137254881074424,0.152976752363763,0.125781998306711,0.298344616097102,0.37274771906865,87.9506915331355,0.787191856465625,0.686842133248556,1,0.171340585096554,0.268444746457394,0.340202762606636,74.5302176348592,0.69229429468907,0.657393392568217,505,0.732030364007712,371,375,0.599235637354797,0.371453339379846,-0.59133523311283,0.642470468507158,0.553912875476328,0.224291945328508,-0.406521174426032,0.248420830477522,0.562569566383041,0.167261589653049,-0.488222916231343,0.180666091133587
62_172,-1.10859844665734,1.09213738433741,0.856184586252845,0.127225822550299,-0.0849387086960156,-0.617594780123862,-3.01735848379811,0.678153572012227,-0.828580637862173,0.0245381661335348,0.0349899529138312,0.14007977523566,0.440060281461215,0.403509852809579,104.658788791849,0.782603459968932,0.927644426973999,1,0.100992760252748,0.115721537919273,0.113436903204488,0.326859846122813,0.401360641316016,96.5839298783175,0.798086907655799,0.719379484306762,1,0.183035825799771,0.270265973124718,0.339045906291218,73.5831796518623,0.746777366991693,0.613733552465938,504,0.812889431458553,375,380,0.567529032468002,0.309069457075109,-0.707320832134538,0.516900037846037,0.517489853902573,0.261878423919541,-0.525374611281057,0.316131526031464,0.592900262838735,0.170252560056568,-0.626542061424476,0.196825393213205
62_220,-2.54465502074898,0.684722925235387,0.836963842888726,-4.76181990104063,-1.1488450884159,-0.325848690680413,-4.29059686441085,-0.561496150654605,-0.621755241791998,0.0186425042676475,0.0292681149846422,0.130807958226274,0.437624589670594,0.421049401167316,109.282248110144,0.808557257271894,0.890437211737533,1,0.137072866332162,0.156349979188522,0.153947874257487,0.285833729057258,0.353077103004264,79.2229894734326,0.701222010089481,0.763791171135712,1,0.19799792296456,0.264278840077319,0.333219890559561,71.557045222257,0.78070474621283,0.579270266586554,498,0.875487308163329,374,380,0.512134694907861,0.318810386861994,-0.712652970383716,0.539204178280886,0.601774482101533,0.199822541538016,-0.5148921355182,0.227608102538456,0.621109144733355,0.161696204344232,-0.697043692480254,0.200343538928231
39_8,0.795694202781283,-0.875798744902937,1.62268563182966,-2.23054011479203,-0.289768502580067,0.270283583426309,-4.18851908789859,-0.35148286801022,-0.454063630768927,0.0102010962915869,0.016491063199455,0.109666650181872,0.50263280408651,0.386019226182632,100.314566880442,0.875387170023506,0.983661970118722,1,0.11034713260932,0.125180076853743,0.132041075041225,0.30521313851996,0.381304818112326,90.4393646757731,0.775562865836786,0.757224452106842,1,0.200857664022894,0.263672032724921,0.332093607395917,71.2688284955256,0.741852751563394,0.569763479335094,498,0.884100553638917,374,383,0.695256529719975,0.348490816138288,-0.644506605280867,0.625984186335772,0.572447713923955,0.238623379803213,-0.518513641933533,0.294647017995489,0.617994562177296,0.162103982890123,-0.693512089100712,0.201224111068013
62_337,0.116129696732903,2.18836078021117,0.566926781904198,1.56951765097436,-0.617498992792927,1.11380663345891,7.75612817101672,-2.58264097058319,-1.03522838797216,0.0282425919685997,0.0420334587449063,0.157821681409973,0.431467945583849,0.390857422960143,100.814344589981,0.744270667354176,0.963601874763572,1,0.0809658984373088,0.088133631817026,0.0753789858986077,0.343984748711847,0.42911459666669,106.052464438142,0.907874965928745,0.705862547046168,1,0.097588033633836,0.338733941134394,0.433471140061767,109.546562290998,0.875632775141089,0.858440451910725,512,0.712403127576438,365,375,0.589264042842518,0.293275882179951,-0.748431054557966,0.488702834334279,0.5402984885074,0.308749520413866,-0.451066876449565,0.417566439164744,0.477733584024772,0.296099971240482,-0.54089118728522,0.399908203040859
39_78,4.32194560587421,-2.99749923489754,-0.170408974121697,-7.87233938034577,6.39367507446743,-2.15048296080556,-8.12139725575909,-5.60001475280261,-1.49600675606647,0.0387010194194117,0.0480962786341479,0.106813410758554,0.521695184644526,0.340768455532531,84.8726818300088,0.875801623417852,1.04343254198196,1,0.110992055084342,0.140019267213039,0.235628885029301,0.258537402483606,0.326858775283636,72.1829025783287,0.479031151374138,1.04312292824366,1,0.253476893457595,0.24948190629941,0.312809797533368,67.0538997632272,0.82395520175237,0.394135865442447,465,1.12671697051155,396,400,0.844806079862554,0.337768399182272,-0.609465675064421,0.538133457902792,0.639278738441265,0.156196687936559,-0.927730894619561,0.230703278733907,0.690702807703485,0.140762353724211,-0.988584353304939,0.213464339364192
39_44,-2.24273434880303,-1.02281806890842,-0.790041240174264,2.54749436213191,-0.216093223548677,0.468332324800956,2.49049181843921,-2.87909276396243,-0.279409793341842,0.0304817176129264,0.0384912664637417,0.106426300021497,0.438228078545589,0.432758563944775,103.824429542845,0.849923256526199,0.824794931656452,1,0.0832958655450281,0.0915641591274792,0.0820140935890895,0.342537165135623,0.430118480530881,109.554079684663,0.891772673616621,0.694646695924558,1,0.149341209905693,0.303847325958981,0.384858752209262,95.2135451551826,0.847991439894581,0.738296965451004,504,0.793076274030209,367,382,0.470246998307436,0.327657287719353,-0.637736298899407,0.522855190378818,0.503094167870642,0.30218987437309,-0.462766906695371,0.400354552556265,0.528005435606308,0.233843391952435,-0.624672881772552,0.305027654426489
39_60,-0.419769440871861,0.208735567169493,0.859331943217599,-0.407343219888279,-2.17069255694538,-0.730706109380438,-2.47500118649955,1.54824141310052,-1.02823146878201,0.0237320537920387,0.0352993492275265,0.134780408856314,0.453480722297747,0.396290817420528,102.248705194895,0.806284309871565,0.945689491227733,1,0.123853143487877,0.137185982411433,0.117118339068164,0.308860612077143,0.392056475490995,95.2858407440391,0.806597010603203,0.670039574713759,1,0.183554626381943,0.268180494614069,0.339289623058644,73.5502530309299,0.68905245786278,0.612006708068955,505,0.789272780654966,368,378,0.597551920543217,0.315020270799607,-0.703487759141275,0.527848968206071,0.505570002105331,0.241473495142436,-0.421334285065526,0.274268655456934,0.567951049278988,0.167065056819716,-0.583679727342278,0.188363563681538
39_125,1.43667212566759,-3.81318337149822,0.572140986378569,1.66222681321262,-0.687971213015989,-0.31226363343262,2.7507245280625,-1.37285413940592,-0.566787557358658,0.0178599552629986,0.0238253431848592,0.0746401173079124,0.531952352920974,0.383587232528736,94.4799446656787,0.922799415939164,0.959204222227878,1,0.09859566140649,0.109491451006832,0.0991180823792761,0.329440440205611,0.415590771989704,104.339404759582,0.84802755641611,0.685841871412993,1,0.144016896729524,0.302492196258985,0.383364506894686,93.7774290923166,0.80810464543324,0.742319038464675,507,0.759753180097404,368,377,0.711869589272646,0.368869537367186,-0.59379654766377,0.636548308302389,0.492709045282106,0.276087447093523,-0.464937495400343,0.341310369578119,0.520551475212934,0.229766714579643,-0.573691965719619,0.284172713333832
39_6,-1.49446583297991,3.92947264210149,0.397337849165708,1.47307948804696,-1.23262620325151,0.674023881005198,1.19826853970927,-0.648502855295024,0.362979219865117,0.0202615150453147,0.0338944330902042,0.172683159442507,0.40984913270079,0.405477285569003,106.416445068953,0.717369972438684,0.94964140655954,1,0.0917620658361582,0.0999938065266526,0.0828167714021636,0.337201270413316,0.422229452204969,104.896647914456,0.89070879692544,0.691733773602384,1,0.149136620030676,0.295569924649411,0.373560656647927,89.1732849631773,0.803833010821426,0.739426730350817,505,0.778203369249649,364,376,0.532381045578882,0.287743044495686,-0.793906883493125,0.489726010773421,0.525889188162948,0.295397232956119,-0.433279143748852,0.380867794459199,0.560022062231993,0.221795230581894,-0.559003050372109,0.276915534748736
62_251,-1.58318346043636,4.02472864189188,0.902582075807553,1.57397356023129,-0.212235414405218,0.442549724701284,-0.177293841714552,-1.36847299094258,-0.619932484428154,0.0183133540041866,0.0304196533888397,0.177142346238138,0.412682487678109,0.400218368544624,106.2760840783,0.703011470827896,0.96973801332408,1,0.0907414715111482,0.100433842257877,0.0919923532874056,0.336151833496556,0.417643397053791,105.659884490963,0.867347747018698,0.706440193267434,1,0.169846673287882,0.284433904747739,0.359890904897117,85.1772053270391,0.790023775734378,0.672081097413049,502,0.802141583204278,369,380,0.512796632955922,0.287072697758482,-0.792142589382361,0.495208364183797,0.517114347282172,0.287549511631301,-0.470117237955179,0.372475857919073,0.546358264137494,0.196693023984641,-0.627040458255732,0.241297436448979
39_115,5.52805379439108,-3.19646780850513,0.488603067362728,0.695922783027756,-0.938770273441509,-0.568290442092053,0.977416230117084,-1.502452990637,-1.27354396675979,0.0142096016284765,0.020557753375621,0.0914098053560796,0.579876182225387,0.322694975290581,84.5354151479864,0.915446225462253,1.11121539937536,1,0.10971428783874,0.122172011772915,0.109070379796043,0.319582913481015,0.404251618648663,100.357732903477,0.825369574104328,0.682125455919977,1,0.163527800050024,0.288916131920731,0.369619135171649,87.9797834325948,0.795583737689347,0.689701879552417,504,0.778247143177683,369,379,0.956310612444359,0.378322221865188,-0.607778212752414,0.649228956585339,0.495848101035294,0.258319069423328,-0.458595121514522,0.307550557958032,0.517700986697918,0.204820316976941,-0.620338745518826,0.249725318580311
62_200,0.341989092748184,0.284743191165697,1.59779806624993,2.00884392450814,-0.412354542559135,0.54789657632597,-1.12609897534269,-1.57220880503033,-1.1739891806854,0.0240199066995567,0.0345567670321697,0.137037528632477,0.465581892445091,0.381895275158475,101.186761405452,0.80281007758543,0.982564122570832,1,0.0892103202286614,0.0978682132443826,0.0837151517596015,0.33799548408486,0.424932579546621,107.774707680113,0.890865717670785,0.691733776015566,1,0.181770926048877,0.276492903138159,0.353666332324188,81.8429209590623,0.77426669477727,0.638139474380368,501,0.815943701861349,367,382,0.6351567496521,0.315739469648026,-0.688782918304079,0.536001663360978,0.512379587890602,0.295310923071271,-0.450211967149004,0.384841949226808,0.539463489881203,0.183699451292828,-0.668060390111166,0.223781796790783
62_158,-1.46303805902484,-4.02515160167494,0.294685473108146,4.33770527828292,-0.702938585802505,0.0156095762595442,-0.293271131672769,2.12519019795023,-0.209461238199464,0.0178678439842206,0.023869677789605,0.0641968216750258,0.500421083451117,0.425374458674079,102.149208312893,0.927857207232647,0.859194392028683,1,0.0742969400612302,0.0800727516272399,0.0589510352098326,0.358412098811834,0.454399244441089,114.57017462616,0.929678352927811,0.658628198698333,1,0.154908248637941,0.282011770882443,0.35537773127859,81.0375414061095,0.732657713039566,0.703672147997685,507,0.732324875700355,363,375,0.555997952035861,0.371042110755877,-0.590694205590412,0.635181837612619,0.475053503635089,0.32820101383526,-0.437451106353273,0.442865138767088,0.563037107774235,0.194831234293699,-0.485919564642563,0.216302790963103
62_219,-4.18192338404809,-0.587779347817848,-1.65095525675668,1.09198207960343,-2.46405177457849,-0.147901365899935,2.95420746086803,0.535696738957898,-0.276831194718994,0.0205332130142735,0.0291902848579722,0.0947881460341451,0.421320760487423,0.471085761560185,110.588999186792,0.86755282045873,0.752443886861862,1,0.114526289027833,0.12467228708048,0.0939494828355266,0.324941287306309,0.408549262171029,101.877568786219,0.855552595222726,0.65519274699218,1,0.127851243557427,0.302925408513363,0.383797904712577,93.6246653911825,0.806537144539422,0.787155650715078,507,0.7084104508966,363,371,0.388238258626051,0.343342842994766,-0.657397854896999,0.55871728260015,0.499491408245056,0.268563156728946,-0.385162850084663,0.31375139065659,0.527770224931789,0.230793921592588,-0.472875886658281,0.271959063637549
39_10,2.04836696211089,1.22296061695499,0.984713859000335,-2.49712339300972,1.74473724700159,-0.954719347188772,-2.7529439446343,-0.454418142598499,-1.38863534140959,0.0321608014257063,0.0449931700141662,0.158616252785218,0.45623540785367,0.361544345053024,95.0019868270539,0.757336284469396,1.03576763712882,1,0.10913351543028,0.128013159212752,0.155822836847578,0.296485507703497,0.374754202907558,89.4061570875947,0.711164599804434,0.786631323000136,1,0.193711666153957,0.26832458147171,0.34024990000497,74.8104722207298,0.732839482917813,0.584564097438899,502,0.838005602934159,380,382,0.698875841384,0.295500325127697,-0.717414022161008,0.492155174160406,0.537492417008861,0.217776058386223,-0.620182512038905,0.27005812330243,0.560162276269419,0.166394912543005,-0.680338097488861,0.19803358171141
39_50,2.44556079674493,6.09412913833173,0.021865108511738,-5.32156313419687,-2.84529776165255,-1.42240476747678,0.394851369300367,-2.36245253870507,-0.789254618309528,0.0332364249500722,0.0535148319402345,0.221688695935164,0.396701944732695,0.356952350588531,93.7407210930102,0.568706372619268,1.10772666979045,1,0.156662876282712,0.177135972619446,0.16616267640491,0.273351651050676,0.341944362973278,75.0688906406352,0.654956445441401,0.72261359230025,1,0.169954654981767,0.287455340978346,0.367734885935725,87.5677637075516,0.810314448227793,0.683784472554801,502,0.812273681060992,373,383,0.647157985652683,0.247537319858056,-0.894976415637499,0.418530934451745,0.560959974194293,0.174987863195131,-0.46292598164999,0.184817923524278,0.53637401553766,0.205873239970177,-0.657473127887815,0.261122687411618
62_69,-3.7401298929583,-0.711971638723631,0.949146280951107,2.4548839876542,-2.43569985628805,-0.232480832618396,-3.62757380104535,2.33729848667755,-0.117147832986105,0.0130426651675376,0.0207257644429091,0.0982311343642588,0.451907329596001,0.444811504101252,114.245343535714,0.868497212011051,0.834736223427468,1,0.104001570754761,0.112038829213877,0.0773876057630725,0.338369370778806,0.426163581716042,106.337127604665,0.89419828148367,0.64128624728056,1,0.185110589099691,0.264569809892062,0.3315728288523,69.7779770317903,0.686853278364821,0.610072699874401,505,0.809477393215123,363,377,0.498175432399744,0.347559135374291,-0.656239837924073,0.599807540697579,0.484333237746653,0.291367682108171,-0.381360280750673,0.352532452624424,0.623337267186557,0.164282612503763,-0.565515532910176,0.187310375259688
39_86,8.67452944183232,-2.73896275460531,-1.68349438265411,-7.79251772397581,-1.14231351270912,-0.598597211157071,-5.94753673814732,0.138675777128127,-0.429953006132038,0.0352263663853699,0.0448573663683792,0.116550371941272,0.570754579764151,0.284914427388399,72.5616854216627,0.882330851072375,1.19584268865039,1,0.152385759684144,0.175091535800531,0.188315757394325,0.260238901073761,0.326088425444859,67.3222801756048,0.611588439217088,0.829336079664764,1,0.209349910320504,0.254667681002983,0.32161375548247,65.7642547375806,0.746796085482521,0.549988749601901,493,0.906582653113472,378,382,1.1557782256636,0.367179969602741,-0.619244420957273,0.557036854990564,0.659673645969999,0.159302880211731,-0.571831622174708,0.186288002622233,0.659225483568691,0.147230511550744,-0.708978517799993,0.184671536965093
39_87,1.77849488036789,5.98677938195054,0.42044487446723,-6.15779370940448,-0.346952187294189,-0.725988356855303,-5.52531173329762,1.70555463873144,-0.46381611117112,0.0220818806605589,0.0371317661662406,0.211468077762276,0.406636356493524,0.368167009824955,95.5138103191318,0.606055455142742,1.08376514969674,1,0.137747219206562,0.158829493814725,0.179419196581999,0.270682955517778,0.34153680111092,73.8981010394282,0.64512895888688,0.817238252468432,1,0.205545540455755,0.253925370639847,0.320643894856897,64.300684757567,0.677998326042273,0.545829200934805,501,0.872500753968728,378,382,0.64441981913989,0.264777426137798,-0.850221104788724,0.460220957077836,0.6180792656913,0.177796641477188,-0.591276782325433,0.212176071688858,0.64921400105977,0.146761008986309,-0.654624726194381,0.173320954276445
39_93,3.89369320481945,-1.90670853849355,0.989796884266689,-4.27758880899803,0.398351828544698,-0.861886395373515,-2.56512617895153,0.24102163923899,-0.674661082613139,0.0215381816900958,0.0293281155360605,0.109870223401315,0.531096406874624,0.345851751397855,89.4005615321505,0.87005646012508,1.05989643294584,1,0.125034155466099,0.144505096526868,0.166536248548944,0.283613174887097,0.357743469067904,81.5960624183266,0.680022013547531,0.795279485608037,1,0.185697520823677,0.269562846230701,0.34264124448451,75.4217283210703,0.738517267942549,0.62066483571954,502,0.820961453624642,378,379,0.832617230109756,0.347640469367828,-0.629791850063129,0.593279761681675,0.573674707098699,0.198113859535132,-0.59649028191488,0.239466124861293,0.581508399103213,0.1724832142973,-0.626849718966772,0.206154653876164
39_4,0.860500712218867,0.176451929835697,1.34824532301329,-1.28475818893477,0.4472015461782,-0.0474829651277598,-2.14360892249957,2.02358749918845,-0.59809209147245,0.0167184191560897,0.0252795704793049,0.133059466035391,0.475985776617692,0.382510739605037,98.6948047449992,0.81130291210525,0.993634466840832,1,0.103311817533825,0.117615446543728,0.127218086524976,0.310722684915356,0.391080545069179,93.9292424456905,0.792700588800975,0.747611637161213,1,0.174791769380919,0.270446100265287,0.3427786275943,74.6292143328398,0.701653408161539,0.64599368631254,506,0.768509939469014,375,375,0.666423380016549,0.324770616301407,-0.685372041020777,0.564379221274373,0.549801286334272,0.247372049758015,-0.536383653125891,0.312576435729876,0.578053872329969,0.173770254753657,-0.539886659191308,0.195396106533923
62_65,-2.84489118458601,1.82978351441977,0.118808624083855,4.03856566241882,0.37017888767418,0.321608277855142,4.4758942277911,-2.78177982414086,0.52014073126231,0.01483770704042,0.0245500422503546,0.137170531598601,0.424111752407045,0.432084426024354,109.203230515636,0.798253634896415,0.872762786485757,1,0.0667621426779253,0.0728110729866297,0.0629946397750327,0.360699141191968,0.452197629924641,114.636544405004,0.92484529092274,0.684872661677678,1,0.121855131483422,0.321820642646752,0.405537751054024,101.848251214964,0.884042534370126,0.811320492937781,507,0.770138579116327,366,377,0.466843924032684,0.317429773420954,-0.722734301494752,0.543165960702894,0.487103484590707,0.328726078300923,-0.470856606007383,0.461434715058344,0.535348316602244,0.268104729130067,-0.574141661827272,0.365746607571399
BRAC,5.9516111631538,-0.741433553782232,-3.60241878728218,-11.7018150196062,3.54062017214961,-3.23320517631745,-11.5232457598227,0.0942623727392645,-3.19426131864703,0.0380459067923846,0.0501031131861943,0.143466536035224,0.478130813722852,0.348298808033515,73.408008794021,0.848997837212021,1.05504702496436,1,0.153130087544481,0.185895475076812,0.253369943409078,0.235263677604132,0.293746587466228,54.0709331777602,0.357580766329617,1.10467716236731,1,0.257766084230683,0.22581725340896,0.287047066144469,47.6288853252491,0.692984706436101,0.325372788535588,462,1.09181790032058,389,386,0.901183772687092,0.308529997740985,-0.67851557169649,0.495276096241779,0.732476300108736,0.106013647790019,-0.96367735540496,0.150935856557417,0.717180222901594,0.0854535237771684,-0.960850572816111,0.120634975265281
62_262,NA,NA,NA,0.302920843523745,-0.217754186834717,-0.321867383585834,2.9467197103265,0.479598308065923,-0.884399521687774,NA,NA,NA,NA,NA,NA,NA,NA,1,0.107825636460873,0.120846104134823,0.112718734519799,0.319409836084392,0.400115662308033,99.8852266118413,0.818354292747609,0.70198462488103,1,0.138420088591928,0.298107746785185,0.379354896854913,92.5570418980564,0.771293260916215,0.755659974047736,507,0.710053553179944,371,371,NA,NA,NA,NA,0.507673169685774,0.255662988319955,-0.479848561927302,0.310190962745255,0.506833845573034,0.220622387781439,-0.492025230043282,0.255099420354964
